Payment_id,card_id,customer_id,name_on_card,expiration_date,zipcode
1,5993246423739310,889,Nico,11/11/2024,23882
2,3561879156372340,955,Salim,11/26/2022,15798
3,2196506566766450,435,Ginni,9/21/2024,67749
4,6646695782167510,57,Kennedy,4/7/2024,94613
5,1931621085343830,751,Laurie,6/7/2024,86491
6,1348587385913940,664,Duky,1/24/2024,25360
7,2223461712049190,755,Marlo,1/16/2024,85015
8,8233101494644100,789,Dev,10/10/2024,15127
9,3521454974107970,919,Shamus,11/7/2025,23742
10,3135752473338170,954,Townsend,12/26/2025,53844
11,6580803109928350,32,Yuri,1/6/2026,13313
12,8642182384361680,314,Roxine,2/17/2023,52861
13,6300714486855180,704,Dorotea,11/15/2022,49808
14,6109502439696750,589,Bebe,5/22/2022,51782
15,5680757248177910,295,Clemence,8/6/2025,64661
16,6999571092188220,492,Byran,8/23/2025,79722
17,5205207369874160,147,Jacky,6/27/2025,32816
18,7592066354595290,613,Nollie,10/20/2025,27171
19,2534010166631870,825,Ardath,10/26/2022,78917
20,8440639907391840,948,Chrissie,7/31/2025,88022
21,5131018377227550,904,Marshal,10/7/2024,50904
22,4576764023062830,379,Laure,7/19/2025,33217
23,6621464661078990,23,Chad,12/16/2022,52682
24,7052994424247310,563,Tatiania,5/16/2023,71733
25,5558549241170270,884,Lotti,11/18/2024,66734
26,9115903152441960,827,Mari,2/15/2024,86854
27,4859031684859130,145,Zenia,11/22/2023,35906
28,9050047193693350,540,Shaine,7/13/2022,64958
29,4282700280782490,714,Ortensia,5/12/2023,93130
30,7441609184366090,502,Sim,10/14/2023,66304
31,2653686306908330,604,Shanon,10/20/2025,73513
32,2571443473249990,636,Krisha,4/18/2025,26991
33,7653145951677870,217,Eddi,12/8/2022,45025
34,7935046734339870,639,Bowie,7/28/2023,94482
35,2685266270611860,161,Kitty,11/29/2024,99550
36,7200834092699840,39,Kerr,12/16/2023,15792
37,8345817119106540,290,Elvera,2/11/2026,33239
38,3452477710120830,461,Teddie,4/20/2025,13895
39,7434204081798260,870,Brunhilde,7/1/2024,94350
40,2777833948514320,493,Lanni,1/10/2026,69405
41,1203674300744770,206,Howard,11/30/2023,43717
42,7400062652411900,761,Tessa,6/5/2023,37811
43,3087295483311910,572,Randie,2/12/2025,50943
44,1737055581460110,387,Adolphe,11/7/2024,17937
45,2519374832257820,304,Bertine,2/7/2023,51842
46,3379132320209180,96,Lynnett,10/26/2024,21967
47,9169065781294360,579,Nichole,11/6/2025,65628
48,4206480075944670,686,Ferguson,3/22/2025,97085
49,9601961821671130,616,Kiersten,6/10/2025,85147
50,3334801620174310,465,Nessa,8/28/2022,40825
51,6695521514709690,323,Prinz,10/10/2025,18953
52,6832980932332990,34,Osgood,10/28/2023,37845
53,7977095107901050,424,Vinson,12/20/2024,59383
54,8901668849000000,991,Abigale,2/11/2026,92516
55,5521586489401700,428,Baryram,6/14/2022,77648
56,8503046149025660,583,Booth,7/26/2023,46084
57,8322858652652980,876,Clemence,2/3/2025,22219
58,6362548289397180,817,Marco,6/29/2023,66964
59,2159224370911750,667,Guenna,4/11/2024,65055
60,2965508464356910,297,Gun,6/7/2023,69907
61,4460469440559700,865,Filip,5/17/2023,46110
62,3179207145632870,744,Hildagarde,4/1/2025,82449
63,6762315787716370,944,Gothart,10/22/2023,37459
64,8396312511671260,447,Brannon,3/13/2025,82426
65,3033425556305180,325,Arri,3/28/2024,96828
66,7110430262323210,77,Michaela,5/7/2022,66827
67,8039413868030370,158,Northrup,7/28/2022,56413
68,1576502914716410,535,Rock,11/5/2025,22407
69,2998787287919290,873,Tucker,8/9/2023,77012
70,5150762742240370,877,Demetra,1/16/2025,81041
71,9927844267597400,413,Laney,3/4/2024,92596
72,9906730536498420,259,Taryn,8/7/2022,95588
73,3886323373055510,481,Faun,10/16/2023,74689
74,1412513299215590,564,Lana,1/12/2025,84129
75,5460139663495340,932,Clo,11/21/2023,75054
76,5090803029803630,292,Zebulen,2/1/2023,84943
77,4538211847374770,748,Rosco,3/16/2023,95212
78,2178004406688580,42,Damiano,7/18/2023,60969
79,9792789082463800,485,Jania,10/4/2025,80778
80,8086564170528210,266,Peyton,6/25/2024,49095
81,1228161162706020,277,Kori,8/14/2022,11278
82,3316295111897090,911,Gene,8/11/2025,36208
83,5651596874737340,286,Kiri,3/23/2023,13481
84,5640362078228320,512,Jolynn,10/22/2023,84235
85,3410579446852760,220,Teddi,9/8/2023,79779
86,5956412023961140,55,Kevan,5/23/2022,60483
87,2722089914387210,808,Ginevra,7/21/2024,87162
88,9377797527732960,918,Alley,12/5/2024,66393
89,9942489990962740,516,Cassaundra,11/12/2022,56136
90,3583501070104820,619,Gonzalo,9/20/2025,77864
91,7048669973910920,342,Ashlee,4/19/2024,89600
92,7301202162906380,280,Jonathon,1/24/2023,47735
93,4558509337816120,374,Elsworth,2/7/2023,46439
94,6941516046957670,566,Neill,6/23/2022,16739
95,2880211244669910,287,Charlotte,5/15/2022,73261
96,7868178739419640,5,Mireille,6/24/2025,52666
97,9874741986209030,677,Welsh,6/17/2024,55241
98,7897462354595940,353,Bud,3/17/2024,49823
99,4056507372887450,169,Keene,11/21/2025,76276
100,1296522828220670,524,Alison,5/13/2023,76941
101,9695693408151640,488,Meriel,5/25/2025,32173
102,6663501591350370,915,Deidre,5/22/2024,12845
103,3847403428314700,219,Claiborne,8/1/2023,74120
104,9790077978544480,362,Marylou,7/29/2025,25760
105,6068989627661700,20,Sianna,7/5/2022,93685
106,2805390247356080,63,Gnni,6/3/2025,45619
107,3773613648791360,679,Maddalena,7/18/2023,13409
108,4185394947332710,800,Emlyn,11/5/2022,84843
109,5259269161292510,606,Margaret,10/16/2023,47156
110,1901801969930380,658,Giulietta,8/14/2025,13643
111,9468516868790370,929,Nicolas,3/8/2025,52861
112,1545092051831160,309,Uriah,10/20/2022,11880
113,5845294455366530,49,Broddy,11/26/2025,83384
114,6462053030092850,635,Lynna,7/2/2024,13173
115,4371437562162490,135,Arlen,7/5/2024,62843
116,8619222674039040,892,Sher,1/4/2024,64413
117,4959964309203630,961,Kendrick,7/2/2022,90038
118,4699137240407150,307,Debora,8/5/2022,77786
119,6014840990252390,750,Reta,12/19/2024,54189
120,4244152128856880,946,Sherlocke,9/22/2023,94219
121,3651767196734890,622,Kaitlynn,7/14/2025,33040
122,9025908693216260,426,Kean,9/17/2023,19867
123,9582428987140530,787,Meaghan,4/9/2025,68997
124,6880470923760030,41,Smitty,5/28/2022,47543
125,4656866888994490,984,Joela,9/8/2025,75028
126,5595888083949300,83,Banky,10/23/2022,76135
127,3914345494086970,414,Caria,4/3/2024,60970
128,2580861582740100,597,Ripley,3/15/2025,55187
129,1781374053249890,139,Land,5/1/2023,50092
130,5782529923893170,860,Kimmi,10/14/2024,42399
131,3714837693567390,793,Umberto,5/21/2023,40538
132,3803744070385940,500,Roddy,12/18/2022,16352
133,6309706063309660,640,Violetta,8/25/2025,81759
134,4615216458993540,306,Shepherd,11/8/2023,39014
135,7370907226943250,475,Dickie,4/21/2025,60469
136,8538728218059190,100,Frannie,10/6/2025,55405
137,1257041129248110,792,Dorita,11/1/2025,46870
138,7645331466470020,113,Emanuel,1/5/2023,55207
139,3147669926584030,968,Fitz,7/13/2022,90967
140,3970229136186770,981,Horace,8/15/2022,51284
141,2094763310946870,650,Fawnia,6/4/2023,11418
142,5269757465073470,247,Halsey,6/5/2023,27376
143,7488266408463030,434,Willard,6/25/2024,39370
144,7265049669461220,436,Tiff,1/8/2025,35126
145,6790007580321640,811,Armstrong,6/27/2024,45688
146,9012815584989900,573,Bren,9/12/2025,43752
147,1810293020481460,186,Baron,10/1/2024,18462
148,2116373458459080,757,Dawn,11/30/2023,32892
149,6923508884461450,660,Morgana,10/13/2024,95109
150,2633796835588070,463,Emmalee,11/4/2022,65402
151,1077063572852230,275,Nichol,12/29/2025,99156
152,9495582086617690,627,Anetta,4/28/2023,46244
153,5763553676823570,437,Beth,8/26/2023,20103
154,6848349913497590,834,Caspar,1/9/2024,41448
155,3255646660893990,211,Ambrosi,9/24/2023,77831
156,9232492859001880,881,Tresa,11/24/2023,36743
157,6410033813336030,707,Ulla,10/29/2023,32935
158,6484041413303440,790,Keefer,7/11/2025,64586
159,9284352702582690,848,Amelina,1/8/2026,95973
160,1461861619220830,947,Janeczka,3/19/2023,55564
161,8250986210862740,388,Curran,11/18/2022,32055
162,8116469165919400,17,Liv,7/12/2022,41532
163,2917551301864340,784,Kelley,5/11/2025,19928
164,4512875454617440,844,Jerald,1/6/2026,63337
165,2456744460818060,777,Halsey,4/12/2025,54762
166,4677342153087840,237,Andreas,3/18/2025,51834
167,1326985892296310,313,Mikkel,5/4/2024,31557
168,6195454009040210,992,Kettie,1/19/2024,32487
169,8825899196122020,483,Arleyne,1/7/2024,97134
170,8935410487902160,821,Sheelagh,12/8/2022,17661
171,9835154588850630,505,Leonanie,2/10/2024,66376
172,9711637912833370,925,Marshall,12/9/2024,17479
173,7776147681163180,985,Madella,10/26/2024,16157
174,2288909616449670,600,Pauly,3/14/2025,46628
175,8551709532260850,845,Heinrick,9/21/2022,14350
176,5945474948271010,663,Kare,8/22/2024,76781
177,3431733547737580,227,Brit,7/12/2024,42680
178,6975541596338010,849,Alwyn,12/31/2022,39515
179,3208268648506490,521,Thea,1/2/2024,39966
180,4998505479041390,769,Ynes,4/26/2025,63990
181,5858186858260280,179,Siouxie,2/27/2023,45468
182,8889640145057540,785,Peggy,8/17/2024,34778
183,7559434787652310,515,Blake,8/6/2023,72384
184,4749557303974210,623,Bartolomeo,4/19/2023,94601
185,7341144317654770,661,Randell,2/1/2024,95954
186,4357742751618340,624,Koenraad,9/24/2023,42219
187,3678161622805610,851,Kissie,3/29/2023,93561
188,7512628380554750,898,Aldis,7/18/2023,69194
189,7713146136079630,831,Shaylynn,5/25/2025,70516
190,1005173856858090,742,Adrea,6/30/2022,58821
191,5498492954538610,382,Romona,4/13/2024,32050
192,2257380579461880,258,Consalve,7/15/2024,83415
193,8974635904395760,126,Prince,11/16/2022,82109
194,9210657401778140,422,Benjie,3/14/2024,90846
195,8465481345087600,473,Cyndie,11/12/2022,22875
196,4911715033275390,389,Tristan,12/28/2022,10087
197,6274807704772340,874,Federico,9/23/2023,75897
198,1499560792838310,347,Virgilio,11/24/2022,17583
199,6173049383933060,645,Riley,12/26/2025,59345
200,9659075260167930,168,Brian,9/29/2024,39012
201,5039326486211430,986,Rickie,5/9/2025,84180
202,8765648738093180,538,Karlene,9/17/2025,23807
203,8796214257535460,181,Daisie,11/18/2025,20965
204,5071780222093120,200,Agnella,2/10/2025,15592
205,5323183125415440,725,Mirabelle,1/9/2023,84343
206,4759356209190760,526,Kristina,10/24/2025,49971
207,1140606137744770,321,Adah,5/23/2024,52705
208,2343440854281850,689,Amberly,11/7/2025,50248
209,9150167145852850,605,Valenka,1/21/2026,39820
210,4077614850967830,741,Babita,8/4/2022,81416
211,3980340261811400,52,Cristian,8/19/2024,84803
212,2420934541041580,455,Marcile,3/21/2023,76835
213,4142457601739710,673,Nikki,11/4/2025,48142
214,1040890487643330,361,Sargent,11/28/2022,60502
215,5197379905446860,826,Hasheem,9/24/2025,59018
216,2059774039119770,846,Malynda,8/27/2024,89694
217,8718632230296600,176,Cymbre,5/21/2023,92016
218,8385260927536490,692,Aila,2/10/2026,98409
219,5801038467247150,358,Eleonore,6/7/2024,76762
220,9630170772625410,599,Myca,11/11/2022,25837
221,1770781547978020,967,Arvin,3/2/2023,39081
222,7538024821729090,909,Carmella,7/18/2022,26639
223,7174929591759510,103,Laura,11/27/2022,36928
224,8704700371840850,529,Christabella,1/3/2025,20852
225,7141804328715380,832,Jeni,9/22/2024,23503
226,1961924669217470,71,Hilliary,10/28/2024,81715
227,8176381000231650,370,Christie,6/21/2023,36377
228,8125132823590520,718,Spence,9/27/2022,44547
229,2871613243786360,875,Aleta,1/6/2023,67887
230,6734611701600600,472,Agosto,12/7/2022,50447
231,1991918702297080,940,Cari,12/9/2022,14020
232,9757904219393750,554,Mord,2/17/2026,95111
233,3075371683841300,74,Nalani,6/12/2022,87111
234,5714171003922720,653,Remington,6/23/2024,67270
235,1164838214021060,300,Duky,6/12/2025,90241
236,7817517794079040,988,Brana,9/1/2023,98622
237,3702924385299910,552,Elsworth,11/16/2024,56659
238,5353335246365470,470,Ericka,1/11/2024,39629
239,9311253974226640,423,Isiahi,5/5/2024,87000
240,7827679090912310,144,Sergio,10/24/2024,74084
241,4893908540246430,1,Herschel,8/14/2023,76760
242,5400986887577110,835,Gabe,6/10/2023,52153
243,7969961227851060,631,Chandra,11/3/2025,50363
244,8199810331526560,738,Jamill,3/4/2024,42881
245,8592035428795270,730,Odette,4/9/2023,60240
246,2019342839547960,634,Bunny,7/1/2025,95465
247,5428995855693820,244,Elwyn,5/9/2022,96459
248,3496867710962790,964,Mirabelle,8/8/2024,85519
249,5569146997856970,108,Pippo,10/28/2023,76345
250,4437505685950370,47,Leopold,3/8/2023,10842
251,8844650241363290,806,Ira,7/20/2023,73868
252,7102841378819850,490,Susana,11/5/2022,97828
253,4312002155145550,208,Franciska,2/3/2026,45035
254,5891558786076390,530,Jasmine,8/28/2023,97703
255,9349415419759240,752,Nataniel,12/26/2025,90340
256,8024712288613830,764,Rayshell,4/28/2023,43427
257,9420326266687450,674,Jaclin,1/11/2025,46218
258,1606155484638960,384,Charo,8/25/2022,26871
259,6371791284011750,319,Nicoli,7/4/2023,89371
260,1628347566880100,580,Nonnah,10/28/2025,69179
261,2739804815896440,854,Engelbert,2/26/2025,86230
262,3605132118241140,171,Toinette,11/1/2024,58940
263,5296941411578540,256,Fletch,8/20/2022,12681
264,2376268516845990,44,Albertine,4/16/2023,65604
265,4113930030544680,900,Codee,11/22/2023,19519
266,6551962960083050,872,Barb,11/26/2025,53694
267,1871668137210220,254,Grange,3/30/2023,37881
268,4270894848974290,518,Vitia,8/1/2024,24791
269,6435192455976990,497,Mack,12/8/2023,66899
270,3291499164435600,770,Dania,7/6/2025,53524
271,1101468121683260,913,Benoite,12/24/2023,46772
272,6128118192968100,551,Gayla,1/13/2026,24196
273,8686256839664020,966,Anabelle,1/1/2023,93052
274,2340007107597360,997,Butch,3/4/2025,11017
275,1686096536530100,133,Carmita,11/30/2022,28595
276,4811383703789910,561,Brendon,11/30/2023,35912
277,9974077626080950,250,Linell,11/25/2023,54971
278,4965550393063760,815,Tessa,2/1/2024,78529
279,3753123306482540,713,Inge,8/10/2024,94298
280,9547166758808050,962,Sophronia,9/6/2023,77489
281,4422591210294650,533,Deedee,10/24/2023,49965
282,2482619234078350,745,Humfrey,8/31/2024,45414
283,1518654008355700,282,Ema,4/23/2023,72424
284,4011049843692070,85,Muire,9/4/2022,32172
285,6049646755654390,936,Chick,5/9/2023,36538
286,8290390314374190,754,Nikolas,1/25/2024,46827
287,1674855309845470,464,Julietta,3/17/2024,44579
288,7745594851886620,97,Maurits,9/23/2022,93578
289,4834585487926630,916,Mike,3/12/2025,93930
290,7234197155643710,9,Sanders,9/21/2023,86504
291,7677016640558700,536,Octavius,12/18/2022,68599
292,9326757727235770,140,Malorie,5/16/2025,32220
293,2982522835283250,867,Theressa,12/20/2022,46480
294,6241338447292280,999,Nikkie,6/22/2023,44815
295,9434406442684590,927,Dougy,6/21/2022,80517
296,6539159049165790,333,Jeffry,4/12/2023,39077
297,1382422586276400,378,Zarla,5/30/2022,57071
298,9079776405926170,859,Chevy,10/5/2022,12474
299,3936443185794100,637,Nobie,7/3/2022,22227
300,1426342276246240,499,Mitch,2/6/2023,44424
301,1861484433700950,996,Helli,8/12/2025,49872