payment_id,card_id,customer_id,name_on_card,expiration_date,CVV
302,3447092274640720,156,Martie,7/20/2024,222
303,6746856051381620,824,Albrecht,4/30/2024,473
304,2037709565208440,993,Avivah,10/19/2022,668
305,7698256438171440,615,Bonnibelle,2/12/2022,923
306,1779607126031620,191,Wylie,10/31/2024,175
307,1924084805208930,429,Jenilee,7/22/2024,492
308,8191900400982790,582,Kale,2/6/2022,305
309,4574024814651160,166,Aindrea,8/5/2019,441
310,8963535930604590,354,Noam,1/1/2020,630
311,1556082094503180,682,Gabriela,9/1/2020,269
312,3127649457230150,466,Verene,3/26/2024,858
313,5070951139882550,51,Pippo,4/9/2024,133
314,5575926136120320,820,Orelee,8/6/2020,842
315,2790996537832750,899,Nick,3/7/2021,787
316,6263476672116490,440,Olivie,11/24/2025,402
317,4696212685570580,359,Wally,7/13/2022,244
318,9205491715968980,450,Tad,1/27/2023,522
319,5877360612547520,723,Gigi,5/25/2021,959
320,9975536956790230,405,Clyve,12/19/2021,446
321,8509055755325320,772,Goraud,9/6/2025,423
322,4321711013198170,553,Kailey,3/4/2020,273
323,7228659430447460,885,Lucine,4/7/2025,406
324,6973458976325590,861,Alexandr,8/26/2019,617
325,2428135417636660,482,Anthiathia,11/2/2020,875
326,7289241502050150,114,Horacio,2/15/2021,906
327,4030167808998590,180,Alyda,6/7/2022,949
328,6052343715012990,451,Rowena,6/28/2020,234
329,3011751082750240,442,Ransell,1/24/2021,882
330,4422669995209340,255,Jeannie,5/5/2022,603
331,9036225065323550,705,Kasey,3/19/2025,557
332,9250867916603850,153,Loren,2/17/2025,999
333,5513500099921890,788,Nessa,10/6/2021,586
334,4050169929364880,774,Brian,12/4/2020,354
335,8092196910640410,766,Levey,8/12/2022,112
336,8870397172631780,702,Adi,7/6/2025,387
337,6314953298625030,433,Kathryn,6/12/2025,804
338,9514771597110490,920,Vernon,1/1/2025,745
339,4609228938771270,510,Paddy,4/3/2020,710
340,9874358696225430,141,Rana,10/9/2025,318
341,3798067496474310,585,Tulley,8/3/2023,822
342,2091831359628690,853,Cordi,9/9/2023,538
343,1020556109934450,438,Hans,2/25/2024,656
344,7899190493151340,418,Alfie,4/1/2022,928
345,5936902863388740,395,Randie,9/25/2024,381
346,3648761414842150,107,Nettle,12/29/2023,144
347,7129221538691480,612,Otto,9/14/2024,106
348,1114642546908020,837,Ariel,11/29/2021,643
349,1368959940217530,24,Ebba,5/14/2022,759
350,6875995198890940,281,Joseph,1/22/2023,550
351,5347427058500640,53,Babs,4/29/2023,462
352,8716107455986450,694,Robbin,6/8/2020,486
353,5752236228752530,506,Jill,12/20/2022,727
354,1731314670384280,644,Phelia,6/14/2023,984
355,3900413143292970,50,Stuart,3/11/2023,799
356,6150146885675160,803,Chase,5/25/2025,729
357,5164830135009790,672,Kaela,7/7/2023,428
358,5261856515107070,643,Jacklin,8/16/2021,689
359,9371242119156280,288,Ignatius,9/19/2020,348
360,7481333274489190,357,Guinna,11/10/2019,836
361,2698694161976260,914,Ninon,10/22/2023,679
362,8295274413198670,700,Tibold,1/11/2024,768
363,6487531364113550,717,Chandler,3/28/2023,967
364,8018594866929920,229,Patin,11/7/2023,154
365,9663853038031990,332,Ashien,6/25/2021,705
366,4221292784609160,331,Ursala,1/25/2025,777
367,6846404442861340,350,Neila,1/31/2020,211
368,3508971149400470,747,Jammal,11/13/2024,895
369,9707634536309640,121,Karalee,9/14/2022,576
370,2335521881918850,183,Sophronia,12/5/2019,259
371,6611160642817240,950,Blake,9/6/2019,934
372,7539772247326330,681,Bing,8/9/2025,860
373,4798811198679000,236,Ethelind,7/6/2019,313
374,2257153495344190,830,Sig,9/2/2023,631
375,1502529778424000,917,Winne,10/22/2019,512
376,2915036974861180,349,Aubrey,9/7/2021,595
377,7731248254331590,998,Guenna,11/5/2022,334
378,3270365675341410,320,Suzanne,4/2/2021,173
379,3369961732821390,94,Fairfax,12/9/2020,511
380,4981210330570890,804,Ceil,6/2/2024,191
381,8422192431032190,223,Eleanora,11/5/2025,364
382,2520662297712510,252,Nikolos,11/8/2021,206
383,8613343239647580,348,Fraze,4/26/2020,125
384,1217488091134620,574,Lorrie,7/23/2021,290