store_id,product_id,Product_size,price_per_product,stock
122,353,Small,24.46,4784
291,522,Medium,17.91,1556
121,267,Medium,9.70,3741
112,583,Small,8.35,322
18,84,Big,29.96,152
17,652,Small,38.39,1445
47,185,Small,19.72,1551
39,388,Medium,41.88,2901
295,663,Big,40.15,2969
34,390,Medium,25.19,874
290,78,Small,7.29,2211
236,141,Big,15.98,1537
219,798,Small,19.78,3845
120,630,Medium,32.44,537
255,83,Small,4.28,3661
74,459,Small,2.95,3609
163,765,Big,34.23,772
217,785,Medium,10.72,4266
39,354,Big,31.72,1408
147,581,Small,1.56,3858
86,949,Small,17.53,4675
290,517,Big,45.20,4098
218,178,Medium,50.18,4485
184,160,Medium,41.60,1933
162,457,Medium,7.94,3380
285,199,Small,27.72,3359
167,64,Medium,45.77,993
69,371,Medium,48.10,1719
234,428,Big,1.47,4320
192,512,Medium,13.95,2369
211,689,Medium,17.47,1208
126,603,Small,41.34,534
161,258,Medium,18.72,1550
32,397,Small,34.04,1043
134,952,Medium,36.64,4422
104,623,Medium,32.60,4473
182,279,Big,8.51,4944
143,301,Medium,38.24,635
203,842,Big,13.02,3354
268,197,Small,29.41,168
42,323,Big,22.64,3753
204,304,Small,16.60,3067
103,463,Medium,22.12,2165
217,559,Big,39.06,2945
131,212,Medium,39.41,3071
9,230,Big,35.51,857
260,368,Medium,27.86,883
250,33,Big,3.39,1933
267,475,Big,40.37,126
157,287,Small,32.59,3404
132,304,Medium,20.89,289
7,341,Medium,13.35,3960
68,472,Small,3.65,2741
98,162,Small,5.11,1500
46,545,Medium,37.36,2140
179,832,Medium,36.93,188
212,668,Big,19.44,4741
1,693,Big,16.70,1295
220,298,Small,25.08,4944
116,950,Small,50.06,2306
152,46,Big,8.00,2576
296,478,Big,31.70,1572
141,64,Big,34.07,340
98,732,Big,35.83,3746
191,474,Medium,28.21,3931
69,758,Big,16.30,4117
198,394,Medium,26.37,4587
282,33,Medium,13.86,863
113,398,Small,5.28,2626
39,981,Big,20.96,1183
117,247,Small,25.39,3540
134,485,Big,28.37,4181
293,430,Big,29.31,4697
198,247,Small,29.14,1506
20,17,Big,8.91,2999
247,887,Big,10.30,868
255,188,Medium,32.67,3138
23,683,Medium,23.33,2139
149,359,Medium,40.71,4285
196,847,Big,36.11,1351
32,317,Small,43.08,3428
208,450,Big,30.24,2371
185,120,Medium,35.11,2421
172,26,Big,33.78,537
156,694,Small,30.87,3615
11,712,Big,14.03,3366
59,67,Medium,5.51,1372
299,230,Medium,33.93,2493
152,705,Medium,23.60,1456
17,374,Small,37.64,2739
7,597,Small,12.79,2362
10,984,Big,32.59,1516
200,882,Big,48.43,1799
70,831,Big,9.95,2202
3,286,Medium,1.79,2414
216,894,Medium,20.66,2465
251,356,Small,32.93,191
30,272,Medium,28.68,3561
213,957,Medium,44.61,913
57,299,Big,43.54,3893
90,341,Small,47.82,3457
53,309,Small,16.51,3827
163,953,Small,47.37,2160
297,255,Medium,34.11,4010
26,299,Big,11.23,4838
88,850,Big,31.46,3906
220,386,Medium,23.32,1615
167,833,Medium,11.34,1729
226,530,Small,42.20,101
16,124,Big,10.32,2388
207,491,Big,38.60,2750
205,95,Medium,6.62,3117
34,680,Big,3.14,1960
163,779,Medium,28.19,1209
43,609,Small,48.80,218
9,881,Small,20.18,2341
232,55,Small,4.64,3011
124,743,Big,25.68,3589
213,971,Medium,13.76,3357
246,717,Small,20.15,843
23,702,Big,13.41,2376
41,367,Medium,20.00,1460
26,186,Small,5.24,1871
102,716,Small,27.59,3808
94,921,Big,3.92,3202
192,970,Medium,25.60,4779
75,270,Medium,6.95,2896
118,374,Big,32.03,4183
202,245,Small,26.88,2166
120,513,Medium,14.97,3517
85,142,Small,49.71,587
150,518,Medium,3.03,1419
121,976,Big,33.28,3212
267,590,Small,50.53,4837
158,706,Big,24.51,749
179,489,Small,5.26,4839
25,998,Small,40.91,767
124,292,Medium,13.98,2945
231,71,Small,25.26,4034
265,847,Small,36.42,38
237,1,Medium,11.52,2830
143,808,Small,50.48,2379
36,962,Medium,38.90,1699
221,490,Medium,39.55,990
16,179,Medium,20.48,1432
107,802,Big,31.12,2037
290,115,Medium,24.80,2960
257,104,Medium,43.98,614
98,152,Big,47.83,2151
265,713,Big,18.63,2074
58,277,Small,7.19,2505
106,304,Small,11.99,3401
174,187,Big,48.81,542
96,124,Small,48.18,3930
147,451,Small,44.11,850
23,628,Small,11.50,295
55,706,Big,24.58,1591
265,262,Big,7.14,101
6,208,Small,33.81,3821
91,809,Big,48.60,3482
18,756,Medium,8.91,3538
193,509,Small,15.12,4983
83,195,Medium,24.93,590
260,391,Small,27.60,1882
121,334,Big,14.55,4730
138,517,Big,18.38,1042
56,462,Small,9.88,2392
252,795,Big,10.48,2130
268,446,Medium,43.86,1461
51,165,Medium,20.84,813
274,861,Small,1.73,1240
92,427,Big,21.91,4592
127,334,Small,11.86,1122
149,126,Medium,27.05,4738
249,572,Medium,23.87,4721
283,236,Medium,41.00,4462
271,559,Medium,6.22,3372
275,243,Medium,21.38,2665
83,759,Big,28.00,4209
286,460,Big,35.88,4346
152,559,Medium,18.07,2440
127,288,Big,1.64,2891
223,443,Big,50.68,4651
133,926,Small,32.68,1783
27,807,Small,19.36,1135
21,898,Big,24.64,2011
247,1000,Big,20.61,4413
88,374,Big,16.12,3068
74,972,Medium,37.58,1596
92,684,Small,5.62,1456
90,27,Medium,39.03,3548
201,774,Medium,35.11,3387
146,308,Medium,36.10,4342
101,530,Small,43.90,2552
59,982,Big,23.25,3225
109,470,Big,32.81,2698
182,48,Small,48.99,712
20,120,Small,21.70,1103
126,658,Big,29.25,3032
212,318,Big,37.66,2040
81,763,Small,42.54,4359
1,570,Medium,44.25,24
286,505,Small,2.30,1278
49,680,Big,38.33,918
29,481,Medium,31.47,64
231,862,Big,4.73,4280
33,802,Small,46.31,1444
132,242,Small,23.38,3239
90,865,Medium,17.36,2767
90,433,Small,19.01,1468
171,923,Medium,1.26,456
230,164,Medium,43.55,1785
35,893,Small,37.72,1387
73,914,Medium,31.52,3673
76,265,Medium,25.23,1490
298,972,Big,2.73,4600
223,302,Big,19.52,684
256,481,Small,45.53,1882
19,959,Big,42.11,622
77,967,Small,1.87,766
161,518,Medium,17.69,160
128,709,Medium,28.07,3086
219,95,Medium,38.61,2757
86,626,Small,48.49,2963
152,918,Small,39.62,1739
113,137,Big,32.24,2409
254,90,Small,24.58,2901
269,658,Medium,3.46,4888
3,49,Big,9.60,2768
60,969,Medium,17.50,3038
296,731,Small,8.59,4039
219,886,Small,15.69,3081
179,865,Small,12.84,2694
257,482,Small,31.34,468
209,643,Small,36.94,2594
55,131,Medium,44.94,4974
205,122,Medium,27.41,640
183,713,Big,44.36,4599
195,147,Small,47.82,1664
99,586,Medium,42.80,2964
190,841,Big,3.85,1957
269,984,Small,4.25,3500
280,995,Big,4.02,1037
196,992,Big,1.76,3194
59,131,Small,36.32,4778
224,648,Big,43.39,1265
261,18,Small,36.84,1269
230,64,Big,42.94,2248
48,729,Big,36.41,2519
291,181,Big,38.87,4222
48,524,Medium,11.29,1958
184,210,Medium,43.57,399
55,342,Small,20.34,275
205,445,Small,33.44,4894
118,180,Big,7.42,1704
38,594,Small,6.46,1176
131,230,Small,3.12,2034
219,473,Big,30.93,1570
68,202,Medium,5.61,4166
55,952,Small,44.97,3960
206,505,Big,8.66,1715
65,626,Small,29.74,2994
174,895,Big,14.22,1021
116,421,Big,48.65,4044
266,318,Big,3.13,4068
201,352,Small,3.64,2720
62,980,Medium,36.44,3636
88,785,Small,6.74,3089
50,420,Small,39.86,1592
103,45,Big,30.14,901
275,699,Small,39.47,722
271,231,Small,48.87,2197
118,605,Small,18.24,775
218,708,Big,2.53,2864
173,356,Big,13.26,4285
148,663,Small,15.06,4863
3,181,Small,5.48,101
212,227,Medium,43.54,3626
203,854,Medium,37.79,724
113,83,Big,39.86,2949
25,936,Big,50.00,3477
201,55,Small,15.11,638
274,766,Medium,17.79,3041
247,386,Medium,28.79,418
226,22,Small,27.16,961
135,23,Big,41.09,3411
241,658,Big,41.05,3720
45,118,Small,18.64,1989
100,806,Medium,3.56,3934
102,809,Medium,26.94,3378
216,707,Big,22.02,992
298,445,Big,47.31,2048
121,13,Big,33.98,4129
49,336,Big,23.37,276
51,151,Medium,5.38,3888
227,584,Medium,12.57,3153
24,431,Medium,15.72,288
24,963,Medium,38.85,2591
87,715,Small,25.35,3690
197,433,Medium,24.02,3166
171,24,Small,18.94,2531
284,910,Medium,9.30,4093
239,983,Medium,45.05,1125
23,995,Small,47.09,642
224,548,Medium,37.76,2936
282,782,Medium,32.02,1328
197,618,Big,37.06,4937
170,453,Big,2.94,4364
87,693,Big,16.33,1214
215,398,Big,14.75,2974
198,446,Big,10.53,3266
174,450,Medium,23.79,39
84,282,Medium,45.91,1849
145,391,Medium,30.33,1349
20,680,Big,42.39,4603
251,186,Big,18.57,37
235,342,Big,4.07,3511
86,230,Small,1.68,4006
55,970,Big,30.39,4961
124,444,Big,30.13,715
58,661,Big,14.64,3075
84,338,Small,22.10,4245
151,563,Small,3.29,2299
190,567,Big,11.42,1292
147,46,Small,47.51,134
257,990,Medium,40.95,3618
168,568,Medium,49.29,3165
118,686,Big,14.62,3490
172,610,Medium,50.83,3437
126,539,Big,15.32,1938
65,215,Small,7.32,4985
297,216,Medium,24.42,2123
45,322,Big,13.98,3300
282,307,Big,44.33,1120
144,35,Big,6.75,429
35,760,Big,23.70,3625
118,503,Big,49.01,3684
191,174,Small,13.57,3198
87,114,Medium,40.63,2798
196,72,Medium,7.52,2063
223,132,Medium,49.48,4273
265,490,Medium,34.10,189
271,886,Small,13.98,3425
233,652,Small,9.23,509
211,616,Small,40.62,1595
251,437,Medium,11.86,4113
200,487,Medium,23.61,3701
8,899,Medium,20.76,4803
179,172,Small,21.81,3967
134,404,Medium,30.69,4345
293,333,Medium,48.53,409
116,461,Small,27.64,1624
132,48,Small,22.59,2782
50,216,Medium,24.46,1647
64,413,Big,9.99,3746
208,588,Big,38.12,3472
289,641,Medium,46.59,2460
53,314,Medium,1.67,3708
68,797,Small,48.80,2556
149,836,Big,14.87,4654
293,951,Small,13.13,3209
276,100,Big,18.88,717
215,942,Medium,13.04,1028
34,429,Small,17.44,4590
246,951,Small,25.38,4577
151,695,Big,27.63,1552
179,739,Small,3.40,358
178,945,Medium,33.04,2821
198,153,Medium,44.99,3681
263,305,Medium,43.29,1429
259,638,Big,34.83,2637
121,786,Small,13.69,3877
238,93,Big,37.39,4904
228,242,Big,3.29,460
11,826,Small,42.40,2533
240,22,Medium,47.87,4795
269,498,Big,19.23,2789
267,387,Small,46.39,4411
202,187,Medium,36.91,194
106,844,Small,25.79,3418
114,603,Small,38.99,1862
188,567,Small,4.28,4109
181,694,Big,50.20,1127
161,794,Medium,8.09,1790
188,495,Big,4.62,1086
248,858,Medium,1.94,3365
263,951,Medium,3.50,759
12,361,Small,29.53,894
270,342,Medium,37.58,1732
196,325,Big,12.96,1962
113,841,Big,32.39,2757
86,347,Big,10.53,679
51,94,Big,30.71,487
57,70,Small,12.25,290
57,633,Medium,10.62,1205
220,585,Small,11.51,2861
255,549,Big,18.89,4744
255,756,Small,8.78,418
185,410,Medium,31.19,2185
176,217,Big,47.37,3231
245,691,Big,34.79,4147
293,970,Big,27.55,5000
173,436,Small,27.16,355
284,785,Big,31.76,282
173,870,Small,19.37,1621
164,875,Big,41.50,188
281,879,Medium,46.70,667
277,765,Big,44.09,2819
191,670,Big,35.70,3328
191,608,Big,30.61,1874
243,359,Big,36.29,4457
238,55,Medium,4.97,811
140,321,Medium,47.68,203
293,813,Big,17.82,951
144,942,Small,33.81,2755
50,143,Big,9.67,1199
120,89,Small,19.73,3996
63,484,Small,48.68,2977
17,531,Small,28.36,2812
12,321,Big,2.98,3521
19,394,Small,22.06,3025
81,31,Small,44.54,551
88,83,Medium,6.86,1520
197,388,Medium,32.63,4196
168,319,Big,36.59,2169
285,130,Small,16.90,2980
65,724,Big,28.53,1625
156,722,Big,43.52,3081
236,758,Medium,2.40,2992
263,406,Medium,34.14,2298
139,623,Small,46.83,3356
41,457,Big,19.25,1410
207,735,Big,15.69,3254
15,510,Big,30.43,2528
69,439,Medium,35.34,386
230,810,Medium,42.69,1575
57,269,Small,8.95,506
163,419,Medium,40.66,132
205,260,Big,18.28,4831
42,240,Small,32.91,1277
253,786,Big,25.59,1882
78,123,Small,34.39,2969
205,214,Small,8.49,1353
7,216,Small,21.26,2459
273,241,Medium,31.44,1704
106,948,Big,6.76,2710
83,362,Big,15.85,263
149,876,Big,5.54,4097
217,17,Big,12.10,8
160,908,Medium,13.75,1605
92,37,Small,6.97,3963
19,731,Medium,17.43,2358
228,186,Small,45.51,3657
165,380,Medium,15.02,3672
270,546,Medium,22.33,4967
23,889,Big,5.28,1852
186,893,Small,12.69,2252
297,328,Big,7.46,2877
77,27,Medium,40.93,2212
119,966,Big,20.85,2700
194,485,Medium,15.27,3681
9,61,Big,49.14,1655
129,301,Medium,23.32,366
292,977,Medium,6.40,4946
150,486,Big,7.74,3765
235,226,Medium,33.81,2136
82,761,Medium,13.31,4355
241,22,Big,5.68,4380
59,682,Big,23.86,1126
243,291,Big,33.29,4809
225,684,Medium,35.41,3404
203,485,Small,20.46,2182
222,379,Medium,31.31,2104
216,343,Small,26.35,4923
34,897,Small,39.60,455
105,844,Big,2.61,4958
88,383,Big,35.89,1275
248,374,Medium,30.15,871
130,346,Small,17.87,3952
297,867,Small,9.82,1593
103,348,Small,26.96,876
215,588,Small,42.45,907
241,994,Medium,46.92,4632
66,180,Small,12.40,4088
294,940,Small,8.51,2238
254,460,Small,40.93,74
176,422,Big,49.88,150
218,691,Small,17.40,971
199,673,Big,46.34,4155
123,433,Small,18.60,2895
196,658,Big,15.64,52
25,335,Medium,25.92,4165
104,398,Big,30.14,1955
132,147,Medium,12.92,4426
90,46,Medium,18.13,2884
136,989,Small,9.04,3186
282,140,Big,50.94,1930
145,52,Small,9.81,2576
32,429,Small,39.74,988
249,125,Big,28.39,4405
106,398,Small,28.44,3709
44,112,Small,22.84,3143
136,512,Big,21.99,1820
231,998,Small,37.02,2649
71,89,Small,39.85,3079
183,49,Medium,12.04,911
231,39,Medium,44.25,2511
261,725,Big,27.69,2843
237,6,Big,1.74,4758
127,232,Small,16.54,280
275,350,Small,15.95,1705
284,590,Small,46.27,516
149,70,Big,38.97,3628
7,913,Small,30.00,2317
86,932,Small,10.74,4639
103,331,Big,9.34,1951
229,655,Big,40.40,3969
282,948,Small,48.33,1834
85,838,Medium,21.61,3872
270,952,Medium,6.97,2473
261,950,Small,49.27,4305
21,545,Big,14.41,3073
258,211,Medium,24.48,3987
275,805,Medium,33.23,4868
116,689,Big,17.20,597
87,863,Small,25.56,856
219,719,Big,3.95,4133
231,314,Big,19.74,4214
162,548,Small,14.81,2623
106,472,Medium,5.86,591
181,382,Medium,19.10,2265
17,737,Big,49.59,458
188,176,Small,38.56,2567
79,792,Medium,26.50,368
202,143,Small,18.97,4510
202,762,Big,2.40,942
182,135,Big,33.07,1030
78,620,Big,34.55,1480
4,557,Small,7.21,2168
275,600,Big,24.22,1663
141,984,Big,10.40,3907
47,783,Big,22.44,105
74,102,Big,2.65,2488
100,457,Big,29.37,3512
265,377,Small,43.06,3835
294,754,Medium,37.88,2543
68,5,Medium,48.19,2479
70,915,Big,25.62,2882
244,302,Medium,35.44,2190
249,816,Small,46.88,4377
236,879,Big,33.26,2740
192,803,Medium,7.68,35
173,552,Medium,39.10,1960
103,947,Small,20.26,137
276,190,Medium,16.24,459
266,614,Small,38.93,3344
237,75,Big,21.06,3143
140,194,Medium,17.74,4586
271,279,Small,11.85,2510
129,353,Medium,35.79,3076
67,130,Medium,20.55,737
11,690,Small,42.17,4536
279,700,Small,45.12,832
298,15,Medium,34.31,4698
130,57,Medium,39.09,767
66,849,Big,30.53,1172
234,664,Big,18.14,3090
287,526,Small,4.03,3758
112,39,Big,50.37,2271
20,520,Small,37.67,2233
299,706,Big,37.61,1938
215,96,Small,29.74,2298
256,440,Medium,41.96,2627
75,51,Small,3.27,1044
222,61,Big,11.50,1100
258,413,Medium,7.92,399
264,202,Small,7.83,120
163,253,Medium,22.54,306
72,846,Big,41.01,860
45,980,Medium,50.87,893
113,261,Medium,1.57,1177
246,271,Medium,16.38,2756
103,857,Medium,9.24,4489
195,244,Medium,8.25,510
237,188,Big,33.36,292
20,212,Big,17.25,3301
58,678,Medium,2.02,607
285,825,Big,2.80,1712
87,52,Small,49.98,3241
127,175,Medium,2.98,2990
124,860,Medium,37.02,4466
281,302,Small,34.02,1263
55,33,Small,25.63,3822
119,48,Small,21.74,4248
169,102,Medium,26.88,3655
173,525,Small,31.53,4148
40,436,Big,13.77,1054
40,985,Small,8.04,4101
250,742,Small,8.47,802
296,332,Small,37.33,4769
142,598,Big,13.99,2414
35,25,Big,41.48,2759
11,383,Small,35.49,2421
100,914,Medium,14.93,1532
221,623,Big,45.84,4463
200,709,Small,46.81,3792
13,121,Big,3.93,4177
97,769,Small,21.16,770
2,11,Small,41.41,4934
148,868,Small,26.68,4335
225,691,Medium,10.24,3483
162,389,Small,35.94,1708
111,20,Big,21.48,188
248,968,Medium,5.87,4172
138,830,Big,30.31,537
128,304,Big,24.10,589
291,51,Medium,5.95,3716
233,563,Big,49.02,1324
104,273,Big,3.14,3609
171,134,Big,2.83,4376
225,404,Medium,27.75,261
95,401,Small,42.31,3762
117,110,Medium,7.00,3633
231,615,Big,8.21,2435
284,545,Small,20.92,979
167,695,Medium,2.90,2160
185,680,Small,27.30,1927
158,361,Small,44.33,3451
235,377,Medium,37.72,3025
34,913,Small,49.40,2207
19,771,Big,34.97,3197
220,296,Small,8.79,4415
196,112,Big,16.74,1821
3,204,Medium,30.55,1814
61,678,Medium,21.08,3774
251,260,Medium,19.38,3876
70,38,Big,23.76,1325
255,218,Medium,19.15,3752
261,575,Small,18.74,2439
54,303,Big,17.34,2846
193,828,Medium,19.81,1566
35,669,Big,33.00,2611
278,738,Big,35.93,3073
14,565,Medium,44.32,3643
221,111,Big,26.41,3764
283,447,Big,45.19,1750
297,377,Medium,23.55,4804
198,441,Small,31.62,4717
19,663,Medium,6.14,1466
52,478,Small,41.19,818
173,256,Big,11.58,1280
158,931,Small,2.28,2971
260,954,Medium,7.94,1155
115,793,Small,21.47,2752
269,767,Medium,12.36,1195
172,723,Medium,18.89,4396
221,754,Small,40.29,3005
56,506,Medium,34.29,673
104,891,Small,14.18,2226
286,525,Medium,12.56,3883
39,179,Medium,32.30,1553
136,432,Big,4.96,4944
159,267,Big,20.00,78
232,632,Small,1.36,938
37,852,Big,22.25,2306
294,155,Medium,4.52,3753
59,672,Big,26.31,3428
219,534,Big,49.87,4637
28,826,Small,25.35,3486
223,210,Small,23.10,1993
14,320,Big,34.09,4192
115,591,Big,34.86,3575
297,531,Medium,27.81,2412
31,879,Medium,30.46,2858
249,761,Medium,39.50,664
217,490,Medium,16.02,4746
25,306,Medium,32.23,3277
81,845,Small,19.08,4564
136,614,Medium,15.06,3774
263,194,Big,14.84,4259
233,977,Small,40.09,2427
257,543,Medium,33.21,799
31,23,Medium,12.82,3911
290,607,Medium,29.17,2557
27,569,Small,50.75,3571
173,608,Medium,40.61,3054
172,499,Small,49.95,2519
190,1000,Medium,5.72,2329
12,458,Big,32.77,3775
12,251,Small,2.39,770
294,794,Big,23.69,3925
71,540,Medium,8.02,3609
257,198,Small,32.59,1456
21,749,Medium,40.45,1323
31,516,Small,47.13,3687
167,933,Big,2.48,2678
142,788,Big,27.69,93
70,483,Small,41.25,1208
129,495,Medium,49.09,61
189,260,Big,41.17,4239
82,395,Small,6.18,807
7,131,Medium,19.20,2468
223,313,Small,41.92,81
141,606,Medium,45.85,4989
88,382,Medium,12.32,3493
213,670,Medium,43.04,4289
255,977,Small,28.42,1130
164,950,Big,44.02,1175
165,59,Medium,38.18,4725
291,836,Small,3.70,3911
184,468,Big,44.99,2807
101,93,Medium,24.73,2913
31,723,Small,14.81,1212
85,563,Small,22.77,3496
264,762,Big,21.32,2371
212,117,Small,18.35,4066
246,417,Small,12.27,208
130,702,Big,16.50,342
152,983,Small,28.55,28
171,975,Small,12.33,3265
141,330,Medium,47.13,2894
219,16,Medium,41.50,1891
220,542,Medium,36.46,2844
39,330,Small,42.10,4189
25,910,Big,17.28,3424
61,59,Big,4.76,4308
196,464,Small,7.48,3144
283,700,Medium,44.56,1610
240,561,Small,39.05,20
163,31,Small,22.47,4018
122,622,Big,19.86,3817
57,275,Small,29.37,3797
215,300,Big,48.35,228
188,128,Small,9.12,471
1,282,Big,34.95,4090
266,554,Small,12.28,1804
91,817,Medium,48.26,219
52,207,Medium,21.02,596
111,160,Small,3.57,4966
41,34,Small,13.18,1837
277,199,Small,38.04,2781
178,840,Medium,15.75,835
91,195,Big,45.11,3704
55,804,Big,50.88,3378
34,8,Small,44.67,494
3,918,Small,22.66,1407
182,375,Big,28.32,1447
233,787,Medium,16.06,3000
247,471,Big,46.34,4429
65,44,Medium,47.20,4460
117,236,Small,37.18,2329
90,803,Big,23.68,1818
254,328,Medium,29.02,4583
234,867,Small,6.29,3043
39,119,Big,16.06,1161
37,337,Small,35.97,3344
33,229,Medium,1.16,1190
106,366,Medium,10.28,1467
147,870,Medium,8.52,133
286,116,Big,7.94,3133
41,705,Small,8.83,987
33,865,Medium,21.89,4414
95,431,Small,30.81,2775
81,159,Medium,37.61,1936
133,372,Big,43.49,4500
146,183,Small,31.63,2351
152,684,Medium,6.13,793
174,964,Medium,4.59,274
296,479,Big,16.92,4406
111,941,Medium,44.70,4195
202,1000,Medium,28.97,1321
230,880,Medium,1.64,4265
5,870,Small,43.82,1092
193,466,Small,24.03,4900
151,150,Medium,28.95,3518
249,537,Small,5.73,265
290,163,Small,20.42,4582
45,164,Big,30.18,603
278,662,Small,12.34,4440
70,374,Medium,46.94,4375
282,265,Medium,18.81,2122
88,479,Small,39.29,2252
267,206,Big,25.71,4587
77,976,Big,15.93,2156
161,352,Small,30.59,2820
271,775,Big,6.78,173
156,329,Medium,10.01,3568
21,893,Small,3.23,3958
125,79,Medium,39.98,4950
142,563,Medium,25.73,1869
27,693,Small,45.48,846
241,81,Medium,36.35,2114
29,123,Medium,36.37,2670
194,499,Big,5.86,3446
266,996,Medium,27.47,668
115,924,Small,24.39,2862
253,96,Medium,38.38,2176
166,504,Big,21.02,1472
174,912,Medium,10.58,3853
246,34,Medium,32.73,3289
153,505,Small,46.83,2544
220,151,Big,40.70,1719
38,726,Medium,14.05,2283
172,673,Small,44.75,1759
87,724,Big,21.90,3825
114,217,Medium,23.49,4219
196,812,Small,44.35,4624
183,698,Small,21.32,4268
58,844,Small,40.62,4253
32,897,Small,9.01,283
280,741,Big,12.00,4008
62,376,Medium,43.55,3919
2,895,Big,34.37,4809
227,737,Small,47.54,1656
90,596,Big,48.15,153
247,292,Medium,18.77,1233
13,160,Big,32.59,2736
161,780,Small,5.87,4787
266,37,Big,13.36,4679
10,846,Small,45.07,4340
274,203,Medium,47.95,1043
125,749,Small,31.45,4236
4,746,Big,35.09,4164
53,485,Medium,14.94,174
230,812,Medium,30.50,3467
221,385,Big,46.48,3665
151,149,Small,12.92,855
105,944,Small,44.39,686
73,244,Medium,42.95,3838
11,162,Big,28.10,429
135,751,Medium,40.11,775
89,216,Big,39.83,1737
130,64,Small,17.12,313
122,744,Small,10.69,762
180,962,Medium,8.46,3405
24,890,Medium,11.47,1765
216,366,Big,41.76,3467
276,440,Small,21.82,1724
74,48,Small,38.58,1023
204,795,Medium,8.52,2571
71,380,Big,5.70,2828
164,855,Big,33.59,3581
267,727,Big,11.47,4264
60,592,Medium,38.50,516
10,280,Medium,25.87,4008
93,701,Medium,27.11,2039
126,951,Medium,18.31,3437
21,71,Big,40.28,3267
256,528,Small,29.01,3251
189,412,Small,29.32,3814
269,658,Medium,44.67,2685
124,429,Big,7.97,4733
129,239,Small,27.62,2866
186,816,Big,37.25,1342
39,584,Big,12.03,1103
219,739,Small,10.72,4230
264,832,Big,34.84,4704
129,636,Small,47.27,3054
167,773,Small,14.40,1540
73,145,Big,21.73,4993
211,756,Small,50.89,4591
277,979,Big,3.57,4507
231,91,Medium,10.11,3908
131,62,Big,8.26,2096
56,142,Medium,23.41,3349
195,293,Medium,22.66,2870
37,847,Medium,9.31,493
273,799,Medium,43.33,512
279,45,Big,37.15,4872
154,520,Small,38.54,2692
193,640,Big,35.89,914
45,585,Big,28.73,520
63,370,Big,24.43,3503
185,274,Small,46.02,4624
64,661,Big,38.36,4119
192,931,Big,18.88,4906
196,659,Small,6.07,1840
121,917,Big,48.29,781
209,993,Small,28.06,4038
206,617,Medium,4.28,462
158,661,Big,24.19,971
204,361,Big,38.31,727
53,896,Big,34.55,4265
92,382,Small,3.83,71
139,31,Big,12.33,3052
17,261,Small,12.73,661
19,654,Medium,37.66,496
264,551,Medium,25.55,1285
61,533,Small,15.54,1092
28,15,Small,31.26,208
16,358,Big,12.48,2238
166,434,Big,35.77,2662
29,864,Medium,22.67,2790
216,664,Medium,44.05,1391
113,879,Big,9.08,2694
300,311,Medium,28.27,293
238,576,Medium,6.17,4261
155,332,Medium,14.71,2785
244,397,Big,30.97,2638
236,207,Medium,5.77,3893
164,592,Small,29.75,558
44,341,Medium,16.54,3519
43,50,Small,27.61,502
146,486,Medium,28.13,4536
285,533,Medium,32.89,2929
127,499,Small,25.44,1834
214,684,Medium,24.11,1878
207,472,Medium,43.39,4629
241,354,Small,32.03,2895
182,355,Big,23.61,1114
182,200,Medium,28.00,2115
62,939,Medium,50.19,4993
9,851,Medium,42.43,326
6,394,Big,14.38,2912
263,731,Small,26.71,738
38,326,Medium,42.66,3989
55,199,Small,21.17,1891
126,272,Big,30.10,1268
263,692,Small,21.43,937
242,957,Small,11.61,4467
58,27,Medium,11.52,2428
151,161,Medium,41.65,763
139,804,Big,32.70,1502
185,388,Small,19.40,940
120,478,Medium,31.10,32
137,203,Small,50.47,2133
91,333,Medium,10.54,2169
273,231,Medium,29.05,1805
245,343,Big,41.58,898
227,902,Small,11.24,3940
12,118,Small,37.35,1492
232,454,Big,2.15,4599
251,622,Big,15.38,2254
101,975,Medium,46.15,1746
98,445,Big,24.76,4064
50,221,Small,34.41,1278
80,807,Medium,26.00,1038
226,835,Small,19.90,2482
17,465,Big,26.88,1080
86,772,Big,21.82,220
195,770,Medium,31.85,2335
71,425,Medium,47.63,1210
91,642,Medium,20.69,20
138,712,Medium,45.40,2228
102,393,Big,50.14,4963
105,525,Big,7.01,284
135,662,Medium,41.42,477
136,383,Big,27.72,4083
202,959,Medium,26.35,2004
171,49,Big,19.49,1987
14,361,Big,4.70,3964
224,598,Small,49.41,321
273,915,Small,47.18,1550
61,71,Big,4.95,81
251,469,Big,49.71,886
91,186,Small,19.85,1764
82,813,Big,19.40,2389
288,495,Small,49.05,3359
12,397,Medium,47.53,2714
97,209,Big,22.36,3011
179,96,Medium,44.91,866
291,346,Small,1.78,199
256,874,Big,36.62,1809
225,662,Big,50.07,506
173,966,Big,12.65,3702
62,640,Big,1.77,2331
181,964,Small,23.13,262
166,730,Big,15.99,3059
149,695,Small,1.48,2124
15,655,Small,40.77,3501
154,879,Big,17.00,2599
134,427,Medium,7.12,2657
234,652,Medium,44.00,262
72,237,Small,49.08,4517
149,62,Big,16.39,166
84,498,Small,10.07,207
81,745,Small,40.42,387
159,433,Big,43.59,156
209,194,Big,1.62,2560
50,49,Small,13.21,3415
128,184,Medium,33.18,4263
69,376,Big,36.77,791
193,156,Big,7.06,3504
148,247,Small,38.20,2346
46,255,Small,7.70,3542
29,835,Medium,6.60,2176
48,473,Medium,3.95,168
277,793,Small,21.95,2329
252,267,Small,21.75,2893
102,241,Small,24.70,734
15,445,Big,49.55,1059
297,596,Medium,8.64,3795
211,949,Small,36.38,2292
10,348,Small,32.21,3854
192,995,Medium,38.58,3220
54,231,Medium,20.35,4304
49,370,Big,24.18,4700
243,897,Small,40.86,174
21,239,Big,30.83,4705
19,316,Small,3.75,4514
80,868,Small,16.40,2175
192,759,Medium,19.61,3535
279,929,Medium,24.81,2985
250,882,Small,49.96,2059
192,587,Big,19.13,2322
99,116,Small,5.58,1346
177,210,Small,1.22,4159
137,205,Medium,4.56,370
171,935,Big,30.20,2853
185,132,Medium,1.93,3357
21,578,Small,21.36,1680
238,317,Big,24.44,3276
29,727,Small,22.51,4967
274,453,Medium,43.92,452
238,543,Small,35.20,1553
51,591,Small,49.05,789
266,791,Big,26.76,1187
87,615,Medium,29.12,4898
287,250,Big,30.78,3820
126,399,Small,33.92,1912
235,557,Small,46.34,271
225,79,Big,17.04,3672
159,249,Medium,42.03,2529
242,791,Medium,45.60,1399
195,512,Medium,19.54,844
225,230,Small,8.53,4864
14,650,Medium,24.34,3268
21,590,Medium,38.45,4387
1,435,Big,10.25,1403
205,101,Medium,15.58,3893
167,170,Medium,8.43,3767
164,55,Small,25.25,511
158,11,Medium,6.10,2446
59,979,Small,27.54,1246
292,929,Medium,1.09,4060
158,491,Medium,15.72,2627
63,762,Big,34.38,1569
106,364,Medium,20.83,1705
24,427,Big,17.91,3169
289,811,Small,29.21,4537
80,227,Big,19.87,4507
41,889,Small,45.28,1601
63,800,Medium,6.91,4303
41,47,Big,40.46,2192
147,985,Medium,5.59,4265
41,966,Big,1.79,441
110,356,Medium,4.20,125
81,256,Big,40.22,3681
260,422,Big,36.77,1671
62,874,Small,2.73,1364
43,350,Medium,2.14,3725
239,97,Medium,35.70,4940
187,93,Small,20.95,3931
117,976,Small,28.78,1302
127,178,Medium,8.31,4549
202,587,Medium,29.32,523
260,180,Big,22.13,2995
228,498,Big,13.12,1351
47,453,Small,28.66,1694
66,187,Small,48.33,1978
36,811,Big,24.99,2870
202,100,Big,46.80,849
291,938,Big,21.51,4644
281,441,Big,1.50,318
248,921,Medium,15.74,4293
141,32,Big,7.15,4872
178,927,Medium,39.97,3764
33,822,Medium,14.07,3847
284,968,Small,20.15,1575
280,270,Big,14.30,4391
53,475,Small,9.00,4563
118,322,Big,36.74,3129
75,31,Big,15.37,4780
190,396,Small,19.85,1104
223,820,Big,20.21,1072
37,589,Big,39.26,1185
246,721,Medium,41.61,825
255,412,Medium,25.44,73
284,443,Medium,21.43,4429
270,84,Big,35.23,4131
170,931,Small,31.63,4539
277,864,Big,18.48,2633
44,486,Medium,30.69,3149
234,824,Big,39.70,316
88,609,Small,50.96,197
231,863,Big,46.71,4672
207,658,Medium,14.08,1393
166,761,Medium,37.88,4682
277,668,Medium,49.47,542
213,632,Small,33.50,1342
268,332,Small,34.70,960
216,743,Big,38.93,4522
11,637,Big,15.09,3861
300,187,Big,10.76,3414
258,282,Medium,5.80,1672
45,300,Medium,6.11,3017
255,856,Small,44.28,248
78,634,Medium,16.89,3032
231,381,Medium,14.30,3245
284,224,Big,41.01,2932
290,855,Small,49.48,788
102,377,Small,23.44,2325
211,624,Small,22.57,4774
202,995,Medium,7.09,4652
36,62,Big,12.84,3026
138,184,Big,14.79,2452
95,62,Medium,4.95,470
280,658,Medium,5.44,278
58,125,Small,17.54,2761
38,679,Big,2.01,2914
3,563,Big,32.84,2319
94,668,Medium,13.26,3862
97,953,Big,41.96,897
232,349,Medium,3.91,1644
72,845,Small,36.47,1963
228,540,Small,14.13,1987
286,45,Small,39.98,4797
63,521,Big,25.12,220
241,884,Medium,44.33,184
250,913,Small,37.41,3805
291,794,Big,50.28,1370
197,132,Medium,3.61,763
213,640,Small,31.29,3042
205,743,Small,33.02,315
267,235,Big,30.91,3886
176,299,Medium,38.03,1506
74,16,Medium,44.68,3890
69,934,Big,37.10,4170
55,135,Small,50.96,1355
194,847,Medium,37.92,1777
146,89,Small,23.59,208
224,631,Medium,33.37,3516
142,435,Big,39.77,3147
187,993,Small,18.40,4136
69,981,Big,30.42,3429
9,796,Small,34.78,1422
83,754,Small,45.71,2414
239,294,Medium,34.73,1720
272,152,Small,25.06,3719
107,450,Small,50.34,1260
112,135,Medium,40.59,4803
34,867,Small,20.95,2423
116,529,Medium,31.80,4971
206,123,Medium,12.20,3003
221,202,Medium,22.87,3865
57,595,Big,11.18,3393
51,631,Medium,26.02,3105
289,668,Medium,18.75,766
8,676,Big,22.82,1593
175,724,Big,31.77,4479
157,773,Small,2.86,3149
265,557,Small,50.76,3088
144,522,Big,45.10,1471
219,812,Small,7.51,2681
146,525,Small,32.73,2453
70,189,Small,38.69,4387
242,51,Big,50.26,2502
181,467,Big,25.19,1354
210,801,Small,9.35,3851
221,529,Big,1.10,3735
106,987,Medium,24.31,740
135,695,Small,43.53,2905
288,364,Medium,4.38,3511
107,622,Small,35.92,609
137,840,Big,17.16,4935
298,951,Big,29.15,2003
140,76,Small,8.82,3727
59,124,Big,28.73,1541
74,920,Medium,44.34,75
285,198,Medium,34.77,2843
104,909,Small,15.76,946
124,18,Big,44.74,1688
228,4,Small,43.16,1722
66,364,Medium,16.94,3857
290,605,Medium,30.47,3832
40,117,Medium,44.09,1131
97,944,Medium,4.19,286
244,596,Medium,17.66,1362
2,870,Big,34.10,310
263,772,Big,3.19,2402
163,492,Medium,11.12,2571
103,621,Big,6.32,41
273,175,Big,24.21,1115
270,466,Small,38.55,3097
60,242,Small,17.15,3208
16,342,Big,45.71,2799
215,537,Big,11.03,531
222,593,Big,13.20,638
157,851,Medium,14.49,862
91,518,Small,8.84,526
197,165,Medium,11.39,2689
118,806,Medium,10.03,230
29,647,Medium,13.62,3447
289,13,Small,31.00,3506
41,461,Big,3.13,4003
246,733,Big,30.85,1783
184,323,Small,43.29,2899
135,627,Small,35.26,736
267,694,Big,31.69,4064
256,769,Big,24.67,2129
90,660,Small,8.12,3486
268,966,Medium,18.00,1227
41,583,Small,47.06,3584
61,895,Big,14.02,150
194,120,Medium,50.25,3002
168,172,Big,25.14,2415
191,149,Small,43.61,3801
290,152,Small,23.09,4557
128,721,Medium,3.20,3674
250,556,Small,39.14,206
74,465,Medium,27.76,2071
278,499,Medium,17.71,1906
201,825,Small,1.35,4073
228,377,Medium,31.28,2773
176,332,Medium,48.12,3265
298,255,Big,42.80,1123
111,307,Big,15.67,4834
266,46,Small,13.90,1197
273,498,Big,40.72,970
97,225,Small,39.45,222
80,157,Medium,27.23,4511
26,23,Medium,2.16,4206
1,772,Medium,17.83,1429
299,927,Small,40.42,1144
270,705,Small,22.99,2514
277,558,Big,15.99,1777
121,251,Small,11.67,1628
204,16,Medium,29.84,4625
161,519,Big,4.62,3601
200,197,Medium,18.07,3120
192,958,Small,26.34,907
109,136,Small,9.95,3795
80,529,Small,40.13,3117
9,684,Small,45.51,3623
144,344,Small,49.81,3031
13,964,Medium,45.79,2773
214,66,Medium,9.41,3762
195,480,Big,49.06,2644
145,513,Small,34.93,2670
70,89,Medium,5.97,4870
109,324,Big,49.90,3423
177,621,Small,5.40,4674
50,491,Big,23.06,1862
120,759,Big,36.54,4116
160,235,Small,45.43,4287
129,60,Big,15.48,271
74,580,Small,6.49,3134
152,230,Big,43.04,3778
58,823,Big,21.83,1258
16,941,Big,44.18,326
85,612,Medium,6.11,1601
174,611,Medium,14.85,1178
258,947,Small,15.56,2437
244,498,Small,44.05,2713
270,946,Big,28.76,3554
161,647,Small,5.06,4611
228,708,Small,17.74,1303
221,361,Big,39.45,4070
175,155,Medium,15.04,3760
156,846,Small,28.59,433
46,942,Big,14.26,4034
32,154,Small,25.35,1494
196,661,Big,41.65,2923
213,703,Big,10.91,1371
194,942,Big,44.21,1319
79,126,Small,8.90,4244
171,23,Medium,4.23,560
242,580,Small,10.13,982
232,946,Small,33.16,1932
101,494,Big,40.85,4081
75,184,Small,25.93,1815
145,926,Small,45.12,3723
249,16,Small,24.72,259
128,863,Big,48.37,4801
130,753,Big,14.15,4611
190,158,Small,43.63,521
83,632,Small,33.72,1977
13,777,Medium,39.98,1580
126,315,Medium,22.90,864
185,473,Big,24.88,857
163,681,Big,27.04,1060
177,36,Small,8.88,4252
196,832,Medium,21.05,2424
172,278,Medium,2.76,4317
33,591,Small,3.66,2363
113,854,Big,10.62,281
254,438,Big,17.42,3815
185,716,Small,37.26,2318
70,5,Medium,43.50,2081
285,340,Medium,36.97,3204
47,311,Big,1.96,4806
233,984,Big,23.87,4157
121,747,Big,26.23,3481
127,69,Big,48.58,596
17,851,Medium,28.83,1353
213,742,Medium,42.73,887
281,837,Medium,34.60,2469
76,669,Medium,15.26,2132
44,100,Small,40.89,3470
167,942,Medium,42.17,506
235,946,Small,3.91,1669
2,507,Medium,44.14,3160
11,184,Medium,17.21,3130
234,828,Small,3.96,3877
167,7,Medium,8.81,2945
233,507,Medium,2.77,2327
292,584,Big,14.98,4414
130,687,Big,30.95,2336
113,664,Big,40.61,1472
111,67,Big,16.53,3149
144,195,Big,24.48,1701
44,186,Medium,11.16,430
280,844,Medium,23.91,4761
200,872,Medium,36.78,4149
188,473,Big,11.25,4892
23,754,Big,46.41,355
126,47,Big,49.03,2303
154,98,Small,39.35,78
6,450,Big,32.75,3297
26,534,Big,37.59,3669
210,847,Big,7.61,843
292,150,Small,20.68,3016
226,10,Small,37.64,2046
237,885,Big,43.07,602
53,729,Small,12.31,1625
22,603,Medium,12.54,1642
239,662,Medium,34.59,1639
141,282,Big,21.78,2795
66,587,Medium,8.06,4359
289,465,Big,34.74,4777
86,941,Small,4.29,2500
121,718,Medium,37.32,1642
19,155,Big,41.42,3038
4,227,Big,49.34,1356
72,711,Big,22.36,2218
294,406,Big,35.00,1489
60,177,Big,46.75,1231
156,415,Small,19.25,3387
17,899,Medium,13.43,3507
223,655,Medium,9.30,4817
56,341,Medium,32.58,3898
156,530,Medium,8.55,1048
277,602,Small,16.43,750
201,282,Small,5.50,205
223,886,Small,9.52,4336
223,315,Medium,41.87,39
3,79,Medium,8.99,2443
19,814,Medium,45.31,3294
200,301,Small,41.17,3353
261,283,Medium,15.56,485
254,901,Medium,14.55,731
280,53,Small,33.08,1208
269,737,Small,23.19,3399
19,293,Medium,23.63,4170
265,366,Big,49.27,2728
31,257,Big,36.20,1870
151,584,Medium,1.32,2910
62,773,Medium,27.61,2670
161,399,Small,6.88,1298
32,328,Big,40.48,1453
8,161,Small,28.49,839
136,861,Big,10.50,2985
132,292,Medium,28.86,482
186,914,Small,8.93,758
247,632,Small,32.71,2930
117,352,Big,11.50,4585
229,36,Small,14.25,2830
73,244,Medium,20.25,4651
157,49,Medium,21.80,65
176,819,Medium,39.99,2437
198,494,Big,37.96,2488
176,873,Small,31.57,2834
228,917,Big,38.76,4669
138,724,Big,14.52,4427
258,346,Small,19.01,3975
247,221,Medium,48.46,120
199,773,Big,1.35,3981
295,607,Small,14.63,3792
142,533,Medium,10.45,2281
133,974,Small,44.15,60
95,62,Small,12.73,3742
102,708,Small,21.59,2618
246,952,Big,20.98,58
132,934,Medium,48.97,2276
208,25,Big,15.59,2696
159,474,Medium,6.69,1209
270,246,Medium,23.87,2416
3,871,Small,30.48,1057
293,407,Medium,30.93,2150
235,459,Big,4.38,122
233,870,Big,13.07,4052
206,322,Big,4.65,849
120,535,Big,24.06,707
272,63,Small,31.26,1997
220,17,Medium,27.46,2249
298,995,Small,8.39,3057
267,721,Big,24.48,2237
230,392,Small,30.60,3856
141,652,Medium,33.88,2551
246,677,Big,24.22,3183
229,14,Big,43.64,43
239,297,Big,36.88,2437
26,602,Small,36.74,1784
71,87,Big,28.55,2697
273,20,Small,33.95,2216
227,295,Big,13.97,231
236,628,Medium,16.91,448
274,108,Big,36.08,1204
128,904,Big,15.65,2133
275,651,Big,25.75,3360
145,423,Big,45.49,3408
16,244,Medium,34.24,1384
244,703,Medium,13.23,4128
181,367,Big,48.28,4103
177,773,Small,18.72,4244
173,943,Big,42.93,1929
36,761,Small,41.40,2404
68,204,Small,27.91,866
78,448,Small,18.69,4580
109,623,Big,47.36,2201
134,454,Small,11.99,1390
293,172,Small,30.94,1683
81,967,Medium,20.72,199
135,864,Medium,33.38,1578
77,351,Big,46.78,2855
276,60,Small,16.29,3854
153,82,Big,42.48,795
140,260,Big,7.90,1583
213,620,Medium,28.10,4272
174,752,Medium,44.39,2169
260,663,Small,11.75,4741
17,820,Big,9.43,4670
95,804,Big,48.65,4112
289,11,Big,12.12,1278
244,691,Medium,19.34,4371
191,667,Medium,7.22,221
152,32,Small,34.22,2975
173,371,Medium,25.92,4156
183,242,Big,21.31,850
217,28,Small,1.07,678
233,395,Big,8.28,4734
100,562,Small,42.46,3280
138,656,Small,9.85,907
267,119,Small,17.42,3936
51,453,Medium,45.20,4150
287,650,Big,19.10,4100
79,567,Big,35.53,341
190,613,Big,1.81,2105
196,789,Big,19.93,1740
79,665,Medium,24.43,1613
295,122,Small,34.15,1445
187,837,Medium,32.05,1476
287,140,Small,5.31,3018
232,64,Medium,12.47,367
190,503,Medium,40.72,3243
76,674,Big,21.35,4071
287,831,Small,44.71,2653
10,788,Big,12.93,1020
38,802,Medium,9.27,4676
294,466,Big,45.56,2479
180,201,Medium,36.97,4446
154,46,Big,33.70,2663
21,435,Medium,1.64,1723
202,845,Medium,14.33,1754
186,215,Big,12.59,529
70,184,Medium,11.37,4467
175,515,Medium,10.85,4745
27,536,Big,11.55,51
17,718,Big,4.95,2625
289,194,Big,29.82,2869
267,40,Medium,44.28,2227
184,641,Small,6.31,3302
201,615,Medium,28.08,4745
143,456,Small,7.22,1409
60,326,Small,10.04,1477
184,829,Big,32.46,3711
263,839,Big,12.90,220
116,295,Medium,26.71,4578
4,837,Small,25.33,800
41,141,Small,50.80,2036
222,101,Small,27.24,1546
294,805,Small,6.84,4473
118,455,Medium,49.17,1083
49,833,Small,45.58,4641
275,299,Small,10.97,4123
265,190,Small,23.54,4855
75,294,Big,33.07,2768
87,810,Small,13.70,3071
52,938,Big,46.47,4597
158,556,Small,6.58,1246
296,326,Big,32.25,1675
175,692,Medium,33.03,1497
73,71,Big,6.48,1185
54,684,Medium,40.28,3017
300,491,Medium,27.01,4220
84,513,Small,43.85,675
95,83,Big,25.90,2057
210,833,Small,49.39,4056
238,421,Small,18.55,4141
53,359,Big,45.76,1232
146,106,Small,31.39,3568
95,12,Small,48.99,2463
108,632,Big,35.79,3982
256,19,Small,1.05,3984
225,972,Small,32.78,2920
128,497,Medium,29.00,1922
165,822,Medium,20.50,209
82,839,Big,44.01,659
299,381,Big,33.48,4575
265,586,Small,32.01,2840
263,909,Small,45.79,1038
293,543,Small,25.27,4914
170,431,Big,2.59,1624
55,704,Small,16.10,71
28,591,Small,19.16,759
244,730,Big,19.33,732
163,688,Big,20.14,2106
253,25,Small,22.72,1082
121,487,Medium,25.05,3564
14,132,Medium,43.40,3363
287,786,Small,8.45,1199
136,707,Big,43.25,3690
256,375,Medium,23.37,3703
247,471,Medium,25.78,1759
129,895,Big,46.47,3111
24,688,Small,47.08,1101
250,651,Big,39.78,2044
45,949,Big,22.30,1056
196,502,Small,31.44,1429
74,751,Medium,48.15,3820
21,896,Medium,11.03,2002
279,977,Big,10.16,4031
67,619,Small,1.70,3670
47,215,Medium,46.59,3172
210,353,Small,33.11,136
58,740,Big,39.43,1629
18,949,Big,17.31,4814
231,190,Big,37.08,4553
95,196,Small,3.46,3623
91,589,Big,43.96,4574
164,532,Big,10.68,573
298,804,Big,25.74,296
252,700,Big,48.44,3249
246,59,Big,4.88,806
31,106,Small,17.45,4312
181,176,Medium,42.88,1943
61,809,Medium,36.34,1523
201,510,Big,22.07,2013
166,740,Medium,29.38,1541
124,222,Small,29.85,73
197,152,Big,41.96,1004
151,20,Medium,31.08,1749
25,299,Medium,24.38,3128
276,542,Small,14.52,1287
111,236,Medium,3.18,2959
101,153,Small,5.65,2762
18,962,Big,26.11,2458
234,771,Medium,21.15,1871
210,436,Small,41.72,1036
74,669,Medium,8.91,1949
40,305,Medium,24.68,3044
190,736,Small,37.51,693
42,371,Small,9.88,3700
82,89,Medium,49.37,3006
151,452,Medium,2.52,1242
43,722,Big,34.04,332
159,461,Big,22.85,2822
213,228,Small,11.65,4245
5,393,Big,4.73,4056
155,925,Small,47.24,90
132,776,Big,41.17,3950
228,498,Small,15.43,2221
38,869,Medium,20.98,4243
199,926,Small,2.55,2486
49,742,Big,31.23,1468
220,804,Medium,10.41,821
111,142,Small,7.02,4310
187,626,Medium,9.47,1089
252,954,Big,2.68,4062
45,323,Medium,39.52,171
25,568,Medium,17.43,2287
62,625,Medium,15.69,2028
154,105,Medium,50.29,2669
179,339,Medium,47.39,277
198,128,Big,47.45,600
186,489,Big,5.08,4362
264,996,Medium,14.35,4338
216,534,Big,26.10,637
118,2,Small,41.38,4746
108,664,Medium,18.86,524
190,706,Medium,18.24,1254
144,863,Small,25.78,4122
130,784,Small,16.51,925
260,77,Small,18.31,2444
284,270,Medium,43.81,4504
205,187,Small,13.19,1333
276,203,Big,27.05,1276
92,620,Small,41.98,1596
206,606,Small,15.35,2036
264,340,Small,37.54,289
185,46,Big,49.55,1862
77,769,Big,40.58,2114
123,33,Small,30.70,4662
243,206,Medium,9.13,726
234,540,Big,12.31,2080
86,578,Small,47.53,361
286,449,Big,3.63,2883
30,673,Small,12.91,2521
291,599,Small,14.19,4764
78,156,Small,14.18,1779
255,108,Medium,15.31,785
83,53,Small,16.37,3758
266,225,Big,34.55,3842
166,536,Medium,4.13,1664
83,1,Big,13.49,1223
282,654,Big,37.87,718
282,806,Medium,24.98,1024
192,519,Big,2.74,503
135,34,Big,47.66,4085
195,725,Big,19.82,4663
162,251,Medium,44.96,4707
31,686,Small,3.82,1890
232,560,Medium,34.77,1410
69,921,Big,48.37,3599
159,661,Small,8.45,2923
232,279,Medium,38.01,1609
294,317,Small,15.33,4804
39,746,Small,29.84,1368
71,752,Medium,45.55,2933
171,52,Small,3.74,389
221,527,Big,31.71,1644
278,215,Small,22.67,1277
272,337,Big,3.63,2805
170,516,Medium,4.75,4999
285,690,Medium,41.19,2255
144,74,Medium,32.27,2207
35,953,Big,15.24,93
8,232,Medium,35.36,2798
299,641,Small,14.24,403
227,494,Big,5.48,1591
261,172,Medium,46.03,4593
113,923,Big,38.18,3612
235,522,Big,14.39,4175
76,120,Medium,10.80,1895
227,203,Big,4.30,961
196,223,Big,36.90,4798
61,658,Medium,10.16,3544
225,695,Small,10.27,295
132,164,Medium,45.45,2889
141,816,Small,20.93,678
51,762,Big,30.56,4705
71,275,Small,18.94,18
64,774,Medium,38.70,3455
136,574,Small,27.14,1091
245,479,Medium,45.57,4558
41,208,Medium,8.46,1453
39,317,Small,30.40,1169
262,51,Medium,28.86,674
274,82,Small,29.85,1574
71,649,Medium,41.76,1480
136,395,Medium,38.46,3277
149,352,Big,1.24,629
219,18,Big,3.18,1627
115,357,Small,26.95,632
208,412,Big,44.52,1827
204,972,Medium,37.70,3148
273,92,Big,33.67,4283
187,931,Big,50.04,4658
208,718,Small,16.62,4108
117,657,Small,41.80,382
248,312,Big,40.81,1464
114,430,Big,37.47,4748
127,43,Medium,42.83,2069
51,744,Medium,14.93,4817
40,787,Medium,43.52,1380
73,544,Medium,11.60,4212
68,193,Medium,37.86,512
282,684,Small,50.75,1184
269,646,Medium,14.72,1093
26,75,Big,34.43,3656
78,987,Small,48.21,909
93,698,Medium,33.71,1600
210,610,Medium,28.19,1121
195,539,Medium,37.64,1793
214,27,Small,28.50,1910
55,558,Medium,20.28,430
215,724,Small,15.07,35
28,99,Medium,9.67,4840
92,261,Big,40.89,3782
139,534,Small,8.50,3502
129,787,Big,37.40,1097
219,881,Medium,3.92,4110
32,216,Small,41.90,2257
88,437,Medium,23.48,2680
66,134,Small,33.19,1584
283,979,Big,45.74,3788
157,425,Big,16.36,2510
116,506,Small,13.99,1491
136,816,Medium,43.26,3637
55,69,Big,49.45,4082
190,842,Small,45.78,1307
11,623,Medium,17.82,428
15,648,Small,42.92,3100
47,635,Medium,11.23,3912
196,980,Medium,9.55,4642
262,953,Medium,12.04,1812
244,266,Small,22.67,60
132,257,Big,17.61,2046
145,86,Medium,10.83,4588
213,662,Small,17.14,3603
278,119,Big,40.71,1543
89,257,Medium,4.63,1109
205,930,Small,45.53,2411
177,784,Small,23.29,4352
20,268,Big,6.90,3077
292,309,Small,17.38,252
59,676,Small,41.83,470
255,681,Big,50.35,2551
188,980,Small,1.74,1651
159,252,Small,5.37,4296
124,858,Medium,39.80,2818
291,782,Medium,43.10,3015
106,354,Medium,36.72,2933
29,458,Small,44.59,103
254,727,Big,5.76,3948
23,440,Big,37.46,570
156,646,Small,21.79,482
159,595,Medium,3.45,4542
265,73,Small,33.24,1589
64,842,Small,13.48,2228
143,538,Big,24.04,4082
201,492,Small,15.81,2876
148,169,Big,23.26,3034
253,844,Small,26.15,3254
277,306,Big,27.00,3253
194,154,Small,41.31,1619
233,686,Medium,9.82,27
227,508,Medium,25.66,7
268,769,Small,33.52,481
107,655,Small,29.85,888
172,228,Small,2.53,4866
4,904,Medium,44.48,3195
218,893,Big,46.42,1658
216,765,Big,14.44,3091
6,678,Small,7.28,4981
232,412,Small,40.04,4247
208,175,Big,10.27,3801
97,677,Medium,34.54,2334
47,666,Big,7.54,4934
147,381,Medium,37.96,4829
33,250,Small,4.39,2120
282,137,Big,39.24,2271
67,298,Medium,43.65,3477
165,494,Small,23.02,128
298,711,Big,41.94,139
153,612,Small,38.64,4272
66,739,Medium,14.27,4033
109,601,Medium,21.65,452
68,754,Medium,2.58,2661
193,858,Big,9.64,2656
202,379,Small,45.05,4722
243,103,Medium,12.65,2818
80,143,Small,6.24,2033
269,413,Medium,21.58,4466
116,74,Big,21.89,3838
72,185,Small,40.36,4706
53,925,Medium,23.93,3336
288,78,Medium,26.23,2683
295,397,Big,22.46,3524
96,347,Medium,37.38,864
172,479,Medium,17.42,3857
116,416,Medium,5.98,4080
247,929,Small,47.84,3219
233,678,Small,42.78,1051
223,789,Medium,3.14,1414
196,655,Small,44.08,904
208,354,Small,7.97,353
111,312,Big,24.96,1953
215,257,Small,47.65,4906
66,162,Medium,20.55,4420
52,537,Medium,48.41,3677
167,312,Small,37.53,24
177,4,Big,20.99,3756
191,818,Big,48.17,2924
107,822,Small,23.30,4558
279,999,Big,50.91,3924
226,340,Medium,11.71,738
9,228,Small,43.32,2222
224,495,Medium,19.01,3540
249,405,Medium,11.90,313
290,40,Small,42.22,79
279,652,Medium,27.64,2713
277,732,Medium,15.87,3504
189,101,Big,38.33,226
129,98,Medium,16.06,4592
295,999,Small,27.86,4188
108,403,Medium,40.59,1775
226,109,Big,6.40,4935
28,903,Medium,29.16,2047
37,948,Medium,32.65,2116
141,729,Small,10.44,1606
240,993,Big,33.57,197
127,128,Medium,35.77,1951
180,552,Small,27.43,2759
158,213,Big,1.45,3574
55,530,Medium,50.86,1047
239,205,Small,25.89,4378
168,225,Small,10.24,3685
173,183,Small,36.47,4549
74,520,Small,44.76,855
152,920,Big,45.18,2553
55,79,Medium,44.61,1335
275,991,Big,36.01,1071
35,420,Small,30.09,3182
12,572,Big,20.10,408
235,978,Medium,27.81,3160
271,198,Big,4.22,162
156,479,Small,42.37,3088
297,83,Big,40.89,440
1,526,Small,46.57,3422
71,51,Medium,34.51,3824
97,965,Small,9.93,938
127,679,Big,2.38,817
8,436,Medium,5.62,4215
226,173,Medium,14.85,3733
250,890,Big,33.94,1415
17,54,Small,7.96,3829
174,371,Small,48.24,1422
5,668,Medium,40.44,4949
253,377,Big,16.74,3416
250,412,Medium,5.26,434
226,408,Big,42.17,4289
213,778,Small,2.41,1740
260,413,Small,37.33,2731
258,427,Medium,42.90,2911
237,725,Medium,28.84,2056
266,826,Big,14.73,25
92,302,Small,26.08,3930
224,956,Small,16.60,4332
155,989,Medium,28.50,1638
179,405,Big,18.03,4274
45,549,Big,39.31,680
143,284,Big,9.30,4855
185,166,Medium,8.85,1613
114,712,Medium,8.14,2155
84,268,Medium,28.65,4780
283,790,Medium,24.59,651
198,195,Big,10.48,4921
105,440,Small,29.21,2645
226,462,Small,39.05,3586
33,187,Medium,14.65,1609
225,997,Big,27.79,525
99,908,Small,46.27,2806
33,666,Big,4.26,3122
180,897,Big,14.17,3830
190,828,Small,20.25,2936
180,929,Big,19.53,4932
134,549,Small,38.31,91
43,723,Small,9.39,2314
109,850,Big,25.27,2979
112,489,Small,43.46,4317
287,998,Big,46.87,230
300,677,Medium,47.03,3206
278,107,Big,10.50,3348
297,471,Medium,36.66,3472
182,122,Medium,2.82,2908
263,740,Medium,21.50,3375
236,803,Medium,40.21,3539
57,488,Big,24.97,1192
295,393,Small,46.47,2659
107,356,Big,19.82,3153
280,883,Big,38.10,512
168,430,Big,48.98,4557
148,810,Small,31.69,2360
36,674,Big,2.79,533
273,451,Big,5.94,3998
118,427,Small,48.79,3564
274,614,Big,45.98,129
146,895,Small,8.06,2219
58,478,Medium,5.72,3725
218,784,Big,33.69,1824
204,541,Big,34.35,2600
283,612,Big,25.16,3489
149,589,Small,31.17,4940
94,884,Big,31.35,2458
116,48,Small,3.66,1133
95,677,Medium,15.16,4944
257,453,Medium,32.73,3529
201,197,Small,31.77,1107
234,235,Small,26.89,4693
77,981,Big,28.08,4899
234,452,Big,19.34,2732
2,286,Medium,43.72,2735
256,431,Medium,4.41,3580
144,485,Big,9.06,1297
105,854,Medium,39.20,4883
54,160,Medium,17.63,753
226,543,Medium,22.16,1942
10,9,Big,30.50,1805
2,670,Medium,41.34,3913
73,403,Small,7.26,831
285,270,Medium,25.51,3987
136,549,Small,40.97,4932
152,741,Medium,39.38,2324
77,256,Medium,43.78,2640
119,277,Small,50.65,4151
92,362,Medium,33.29,3827
242,376,Medium,39.32,211
110,233,Small,30.54,697
169,230,Big,24.94,22
5,673,Medium,3.65,2701
211,38,Medium,3.21,3459
1,911,Medium,33.37,428
247,367,Big,11.49,3702
98,582,Small,50.72,3664
163,138,Medium,1.43,3653
58,253,Small,41.42,2537
6,948,Big,33.07,2421
297,721,Small,48.80,4114
236,28,Small,7.45,3375
199,189,Medium,6.07,2773
25,471,Medium,15.52,2636
137,241,Big,21.86,1749
7,638,Small,10.08,2499
121,220,Medium,31.04,251
50,35,Small,40.69,3573
152,967,Medium,45.88,683
219,21,Medium,9.95,3837
231,474,Big,34.92,519
45,609,Small,44.84,1123
202,938,Small,15.49,3092
72,285,Big,28.94,4963
21,7,Big,38.73,4696
66,234,Medium,39.25,1302
89,93,Big,27.04,1358
127,1,Small,43.56,2343
236,125,Medium,44.70,3123
290,411,Small,15.68,4003
249,554,Big,4.36,650
5,170,Big,5.85,3954
83,156,Medium,19.52,1142
197,984,Medium,31.33,2633
222,851,Medium,25.39,1474
287,318,Medium,38.26,2414
227,423,Big,24.59,808
85,871,Big,44.16,3290
297,384,Medium,47.42,787
208,54,Big,32.12,2298
296,118,Medium,48.30,569
173,882,Big,42.10,3581
191,653,Big,26.39,3916
97,708,Small,43.07,2683
222,407,Small,40.48,212
137,695,Big,26.70,808
138,61,Big,30.86,2629
86,310,Small,10.36,4179
178,387,Big,27.20,661
70,768,Small,24.79,2238
296,609,Medium,14.47,2440
133,193,Big,31.23,3673
42,417,Medium,44.74,2522
144,621,Small,9.57,1375
125,412,Big,31.58,4392
218,995,Big,46.14,4752
247,979,Big,25.39,3647
213,428,Big,16.06,3710
67,793,Small,9.75,3338
248,678,Big,35.14,2312
51,436,Small,43.89,4353
252,322,Small,34.49,3178
58,629,Big,28.93,999
25,469,Medium,40.96,1168
276,971,Medium,42.82,4350
284,162,Small,9.18,1667
199,745,Big,2.01,2892
122,276,Small,19.83,580
17,563,Small,46.98,2885
21,752,Big,9.70,3265
189,420,Big,3.27,3545
280,257,Small,26.47,4480
87,45,Medium,2.02,3089
166,688,Big,25.93,2566
41,479,Big,1.54,4306
84,672,Small,16.14,850
219,188,Small,29.93,2997
6,48,Medium,18.34,2311
21,14,Medium,22.34,2429
73,57,Small,42.59,3137
7,259,Small,34.59,4300
43,135,Small,30.15,4806
26,530,Big,39.39,4061
124,78,Medium,47.54,1792
28,715,Small,13.96,403
70,357,Small,38.67,4061
268,176,Medium,28.87,2226
130,88,Medium,24.54,67
299,493,Big,41.45,3011
39,105,Small,38.80,1376
163,786,Big,11.36,3875
10,516,Small,30.61,196
11,7,Medium,37.36,238
219,786,Medium,11.90,859
19,699,Small,36.77,707
233,484,Big,26.02,911
296,273,Small,12.54,203
289,970,Small,43.26,323
100,939,Medium,49.77,957
233,959,Big,42.10,166
124,369,Medium,6.45,687
124,71,Small,17.70,149
147,918,Big,40.38,58
298,955,Small,22.77,491
187,492,Medium,45.50,918
144,135,Small,28.06,182
6,637,Small,25.11,742
69,246,Big,36.88,719
201,28,Medium,47.86,622
240,724,Big,26.04,474
90,405,Small,37.26,939
122,324,Small,40.93,678
182,224,Big,41.36,626
172,353,Medium,6.78,708
9,129,Medium,40.37,813
91,996,Medium,47.24,644
221,832,Small,34.00,849
15,16,Medium,1.04,193
128,872,Medium,7.74,884
159,799,Big,2.36,622
244,813,Medium,16.61,513
174,887,Medium,30.78,766
21,938,Small,23.69,751
38,730,Medium,35.60,918
67,201,Small,49.44,943
68,263,Medium,1.62,164
11,617,Medium,29.73,900
78,748,Big,31.00,699
31,90,Medium,8.19,920
237,5,Big,37.82,890
78,943,Small,31.71,516
47,128,Big,9.11,243
18,601,Small,40.64,102
239,56,Medium,11.56,394
132,455,Big,4.23,235
178,18,Medium,26.93,366
170,331,Big,11.77,731
285,77,Medium,28.62,412
180,30,Big,25.11,266
3,511,Big,15.17,56
122,478,Small,44.24,435
69,918,Medium,6.62,638
103,284,Medium,45.74,397
132,90,Small,22.14,710
179,331,Small,40.69,705
255,389,Medium,20.47,539
71,924,Medium,2.83,983
120,607,Big,22.76,500
283,278,Big,6.51,285
44,785,Small,42.02,982
85,698,Small,3.34,96
9,798,Big,29.19,268
23,832,Big,24.68,523
115,702,Big,17.32,525
91,257,Big,17.07,727
207,956,Medium,6.93,78
35,411,Big,19.16,492
158,954,Medium,5.55,707
65,339,Medium,40.79,61
175,554,Small,6.53,1000
96,800,Big,29.75,533
276,818,Small,48.01,349
181,176,Big,3.71,569
263,512,Big,16.38,952
295,267,Small,9.26,698
295,401,Big,44.50,958
190,898,Big,16.48,931
46,300,Medium,26.43,478
176,280,Medium,43.19,477
294,677,Medium,36.90,572
150,42,Big,25.09,534
38,300,Small,16.42,118
205,667,Big,33.48,104
40,596,Medium,36.68,4
191,955,Big,16.47,639
268,629,Small,44.24,663
91,830,Big,30.14,670
124,747,Medium,33.71,266
203,9,Medium,34.84,111
38,187,Medium,12.33,929
218,331,Small,39.18,273
150,227,Small,38.90,131
255,69,Big,6.60,3
42,792,Big,30.10,856
88,756,Big,30.61,410
201,742,Medium,41.84,187
201,553,Medium,36.76,158
244,114,Small,20.39,686
174,261,Medium,17.81,893
162,474,Medium,8.02,450
42,813,Big,31.81,454
9,554,Small,36.80,670
195,654,Small,28.55,613
249,918,Small,46.78,601
111,235,Medium,22.34,248
111,366,Big,16.47,274
86,119,Big,38.04,597
213,713,Medium,2.87,150
143,660,Medium,3.60,93
175,79,Small,39.77,133
26,982,Big,36.74,925
138,481,Big,9.10,413
255,255,Medium,33.97,802
134,705,Big,4.66,58
19,991,Medium,9.03,246
202,817,Small,37.41,986
122,904,Small,28.95,523
135,340,Small,47.99,251
258,659,Big,4.03,823
158,874,Medium,48.54,526
65,604,Small,13.52,537
6,468,Big,10.74,518
40,134,Medium,36.46,280
14,431,Small,18.17,43
4,50,Small,46.43,139
220,729,Big,46.84,646
181,928,Medium,13.92,448
260,951,Medium,8.70,571
122,853,Big,8.12,91
119,933,Small,17.82,348
73,575,Medium,46.43,41
82,873,Small,11.49,45
95,333,Medium,47.99,833
193,836,Big,46.60,101
216,968,Small,5.79,183
295,333,Big,3.81,441
7,890,Small,18.04,844
63,567,Small,24.21,983
177,672,Medium,15.06,170
175,558,Small,48.52,764
131,305,Small,27.01,280
255,611,Medium,22.68,131
25,998,Small,12.89,231
42,429,Medium,12.11,260
214,145,Medium,33.40,296
136,959,Medium,15.69,781
40,5,Big,3.93,480
20,76,Medium,38.59,294
17,655,Medium,6.19,279
234,349,Big,46.26,898
83,858,Big,23.40,679
14,929,Small,42.44,727
197,118,Small,19.53,528
265,543,Big,7.28,338
155,208,Small,14.04,919
100,343,Small,23.83,240
288,704,Small,10.88,808
78,224,Big,16.41,96
170,304,Big,33.55,835
189,766,Small,13.27,978
50,248,Big,22.99,596
107,422,Medium,21.65,649
24,602,Small,33.49,511
94,444,Medium,20.63,110
206,225,Small,16.34,761
76,313,Big,17.41,637
107,509,Big,24.33,801
184,815,Small,46.09,373
140,432,Big,32.69,903
271,901,Medium,34.32,91
200,747,Medium,16.61,394
42,73,Small,5.95,420
172,544,Big,9.62,538
165,329,Small,37.28,242
261,511,Medium,5.56,579
284,866,Medium,37.27,884
40,738,Medium,43.38,872
186,532,Medium,27.78,461
61,276,Medium,44.65,351
57,724,Big,18.91,333
224,70,Big,19.46,943
201,510,Medium,46.28,282
52,583,Big,33.96,171
98,623,Big,35.18,981
247,118,Small,30.94,493
208,774,Small,9.60,520
85,623,Big,30.89,436
209,11,Big,10.79,833
244,704,Big,30.02,79
125,384,Medium,46.49,467
280,778,Small,23.95,466
89,762,Medium,11.87,178
64,172,Medium,11.60,543
35,598,Medium,11.82,788
67,502,Small,45.14,608
162,769,Big,38.85,751
101,780,Big,6.70,170
212,345,Small,15.96,235
141,135,Small,32.89,888
216,300,Big,31.04,657
88,259,Big,19.60,567
277,598,Small,1.52,549
96,266,Medium,45.52,468
37,837,Small,11.96,146
91,484,Big,24.99,524
212,278,Medium,33.78,929
279,270,Big,14.44,78
170,821,Small,26.54,618
133,510,Small,50.49,924
296,478,Medium,44.95,293
76,492,Small,17.66,500
131,652,Medium,8.71,854
68,915,Medium,5.52,48
122,661,Small,34.54,122
227,363,Medium,46.67,102
103,295,Medium,18.23,276
284,543,Big,29.49,459
220,958,Big,30.15,68
274,415,Small,33.90,445
205,69,Big,50.78,227
162,213,Small,21.28,42
25,867,Medium,3.38,674
214,757,Medium,3.78,948
183,549,Medium,4.31,660
251,931,Small,27.03,636
90,456,Small,15.36,461
13,79,Big,7.86,668
41,26,Small,27.26,338
136,440,Medium,5.17,178
112,621,Big,35.30,388
35,679,Medium,2.90,306
108,616,Small,32.09,623
83,716,Small,6.13,176
294,119,Small,33.16,187
154,297,Small,31.99,665
17,976,Small,27.82,214
130,125,Medium,48.90,885
258,811,Medium,44.69,334
31,795,Big,19.91,900
82,522,Small,11.26,728
247,541,Medium,48.55,537
4,40,Big,42.72,508
38,814,Small,48.30,91
251,212,Big,5.32,855
279,668,Big,46.35,560
115,126,Small,24.02,221
13,620,Big,30.73,852
31,249,Small,46.50,918
84,171,Big,19.39,788
8,729,Big,34.99,939
63,256,Big,14.89,912
220,480,Medium,50.78,85
30,4,Medium,47.35,307
155,208,Small,12.45,390
132,986,Small,47.01,865
194,917,Big,28.75,120
15,481,Small,42.11,697
216,195,Small,8.35,995
138,757,Big,43.71,598
245,537,Medium,26.31,530
165,232,Small,50.17,147
270,293,Big,48.33,283
266,89,Small,27.71,190
42,438,Big,36.77,218
36,191,Big,18.68,106
171,193,Big,44.38,917
230,345,Small,46.89,453
5,537,Medium,13.92,233
127,104,Small,23.53,884
106,534,Small,41.49,499
1,825,Big,10.44,669
2,169,Small,13.33,29
29,920,Small,41.76,900
201,493,Small,26.36,625
290,487,Big,42.25,478
122,397,Big,50.78,723
93,576,Small,11.39,67
299,476,Small,14.09,757
102,426,Medium,19.08,329
79,334,Medium,42.79,201
291,333,Big,8.63,143
296,230,Big,5.21,359
244,371,Small,30.27,390
26,524,Medium,33.88,544
253,830,Medium,36.51,755
239,379,Small,21.07,394
214,623,Big,16.57,295
11,232,Big,19.29,207
153,456,Small,8.86,193
178,692,Medium,30.44,732
160,815,Medium,18.02,682
92,571,Big,39.75,548
275,455,Big,30.86,1
63,349,Big,23.92,219
147,816,Big,34.38,23
300,500,Medium,7.33,820
132,452,Medium,20.29,865
222,101,Medium,25.69,171
234,899,Medium,27.64,845
210,94,Small,16.95,481
277,696,Medium,33.98,270
272,491,Small,3.80,843
203,18,Medium,22.48,110
211,956,Medium,8.99,751
238,397,Small,10.42,958
236,244,Medium,1.63,965
282,697,Medium,39.54,134
229,266,Big,22.17,644
127,969,Big,12.29,221
229,528,Big,12.75,817
289,521,Big,26.46,175
14,783,Big,14.56,347
50,879,Medium,2.79,715
93,16,Medium,10.79,394
288,710,Medium,33.03,508
289,38,Big,32.76,671
48,48,Big,15.50,542
149,610,Big,24.06,180
4,564,Small,10.52,578
125,80,Big,25.84,516
211,448,Big,30.39,25
2,223,Big,11.82,662
77,868,Small,49.59,625
25,399,Small,31.18,702
101,609,Big,48.18,789
225,250,Small,5.44,271
182,453,Medium,7.93,969
67,50,Medium,3.80,287
4,236,Big,10.63,440
42,213,Medium,23.11,607
98,222,Big,16.49,17
213,618,Small,19.51,494
163,58,Medium,47.46,414
133,613,Big,1.10,896
159,903,Big,42.83,932
261,336,Big,4.98,663
139,286,Big,39.06,322
192,182,Big,8.06,411
45,671,Small,30.94,820
297,623,Medium,34.39,245
230,818,Medium,20.12,420
207,602,Medium,21.49,192
72,571,Medium,29.89,220
110,287,Small,33.33,679
121,398,Small,11.31,686
46,218,Small,46.96,777
146,362,Medium,17.40,701
297,903,Medium,45.52,178
114,490,Medium,4.88,343
192,455,Small,1.61,805
211,20,Medium,20.65,331
39,165,Medium,46.66,830
109,533,Small,45.34,555
193,438,Small,12.77,309
195,600,Medium,33.41,850
107,588,Big,33.10,161
14,584,Big,38.27,497
1,803,Medium,1.81,208
298,617,Medium,28.13,450
212,560,Small,19.62,267
84,96,Big,38.61,891
85,775,Small,30.83,48
112,400,Big,11.40,162
35,586,Medium,2.32,900
262,728,Small,14.86,676
39,409,Small,36.92,270
143,79,Big,23.57,978
128,547,Small,27.31,436
63,620,Medium,7.16,427
241,276,Medium,14.68,409
257,42,Medium,36.93,9
222,940,Big,5.42,493
111,541,Small,45.13,753
273,28,Big,32.58,418
211,681,Big,11.69,185
68,338,Small,26.49,57
60,676,Medium,16.30,954
160,956,Big,33.12,971
28,232,Small,25.89,202
260,787,Medium,4.15,383
279,586,Small,26.90,859
263,111,Small,19.75,995
108,341,Small,3.65,718
55,450,Big,23.31,613
53,50,Medium,24.81,891
224,585,Big,25.64,860
22,740,Medium,25.84,47
94,561,Medium,18.41,981
283,94,Small,8.55,110
67,296,Medium,41.12,653
254,94,Big,18.77,975
141,683,Big,29.71,751
19,486,Big,27.39,195
29,945,Big,46.29,680
144,632,Small,29.31,607
70,351,Medium,18.87,510
230,372,Small,34.88,36
212,905,Big,5.51,889
111,665,Small,9.42,608
229,381,Medium,22.45,264
156,551,Big,42.30,937
74,421,Big,28.26,235
274,448,Big,49.19,559
179,540,Small,34.10,852
37,67,Big,28.99,183
167,897,Small,38.90,61
178,161,Big,15.05,638
106,802,Medium,31.64,556
284,420,Big,3.85,98
293,997,Big,24.19,498
254,951,Big,18.87,271
89,130,Big,5.39,424
215,735,Medium,25.86,569
276,985,Medium,43.24,493
82,90,Big,14.75,959
133,560,Small,48.09,755
207,629,Big,31.76,417
101,986,Small,39.34,555
241,302,Small,42.34,974
177,394,Small,34.49,378
19,362,Big,36.10,932
135,876,Small,36.62,502
115,221,Small,9.40,221
128,460,Medium,1.10,880
177,103,Medium,11.92,339
207,77,Big,37.84,500
126,777,Small,32.04,169
207,753,Big,32.52,653
255,778,Big,30.61,967
13,841,Medium,11.03,468
196,1000,Medium,27.65,348
29,203,Small,21.04,730
91,8,Big,35.81,402
201,542,Big,14.10,500
140,394,Big,34.52,636
207,16,Medium,40.47,673
112,145,Medium,49.48,990
266,68,Small,6.26,263
174,537,Medium,11.97,195
32,760,Big,13.48,397
3,219,Small,7.82,601
132,668,Big,34.46,504
286,51,Small,6.65,682
46,386,Small,4.20,718
237,930,Small,50.94,724
76,509,Medium,11.08,664
82,370,Big,3.87,106
33,420,Big,34.07,563
150,472,Big,42.95,577
209,753,Big,16.34,316
251,57,Medium,17.66,497
6,869,Small,49.69,254
82,50,Medium,28.73,141
225,179,Small,15.35,588
213,527,Medium,9.62,360
121,782,Medium,15.98,1000
215,482,Big,39.05,670
118,260,Small,24.85,11
20,144,Big,14.57,765
213,982,Medium,16.26,762
95,108,Big,38.69,564
288,111,Medium,49.27,238
86,595,Big,40.47,778
7,223,Medium,14.16,927
60,596,Medium,20.99,169
32,938,Big,29.25,909
270,353,Medium,1.28,886
165,913,Medium,18.45,849
226,901,Big,37.79,457
197,424,Big,8.19,526
220,813,Big,33.82,980
179,588,Medium,43.11,128
31,760,Small,16.15,320
135,15,Medium,24.04,585
223,382,Small,44.08,462
271,513,Small,19.59,673
69,626,Big,1.61,604
14,211,Big,24.38,351
223,399,Medium,24.23,53
118,153,Small,47.49,6
207,876,Small,33.39,909
21,770,Small,32.20,634
297,271,Small,28.55,897
184,775,Medium,12.39,968
73,452,Small,48.44,607
217,210,Small,9.18,595
276,619,Small,45.83,638
121,93,Big,7.32,970
127,831,Small,30.00,483
15,102,Big,20.35,169
161,540,Small,5.87,274
201,696,Big,14.77,213
281,392,Medium,10.88,918
83,455,Big,1.79,925
273,330,Medium,9.93,673
111,14,Medium,42.00,823
44,752,Small,13.75,535
228,883,Big,18.27,271
8,129,Small,28.42,858
67,654,Small,1.25,714
83,650,Big,8.21,810
224,374,Small,23.26,758
228,984,Small,14.36,320
29,290,Big,39.90,55
275,296,Small,39.62,203
160,217,Small,47.67,855
288,780,Medium,37.62,871
85,708,Medium,3.10,653
95,863,Big,35.47,18
107,30,Big,46.84,971
277,333,Small,3.53,806
148,227,Small,2.80,207
148,19,Small,23.20,322
195,914,Big,27.57,699
58,686,Small,28.97,411
236,463,Small,22.52,365
199,919,Big,47.39,958
77,472,Big,8.35,224
135,321,Small,10.52,207
37,350,Medium,6.98,714
169,125,Medium,5.45,872
158,769,Small,36.14,579
170,560,Big,32.27,649
269,383,Medium,19.13,409
101,276,Medium,28.19,741
44,403,Big,42.66,977
73,907,Small,25.27,398
75,289,Big,45.11,882
51,147,Big,15.81,155
33,472,Small,21.48,755
164,459,Medium,6.84,678
188,715,Medium,39.04,191
200,955,Big,50.40,402
12,612,Small,44.92,557
140,800,Medium,45.25,707
201,78,Small,25.82,923
290,359,Big,43.20,260
256,247,Big,16.11,270
71,988,Big,14.90,642
64,403,Small,19.64,186
273,641,Big,38.59,52
169,883,Big,17.68,871
133,345,Big,27.58,997
236,852,Big,20.08,188
74,980,Big,37.08,632
235,526,Small,22.64,788
25,748,Medium,47.79,34
259,642,Medium,15.59,46
207,552,Big,16.39,888
155,347,Medium,27.58,608
202,62,Small,24.03,199
216,233,Big,6.26,27
256,447,Medium,23.11,820
153,266,Medium,50.44,939
42,137,Small,43.24,274
213,974,Medium,3.99,121
156,17,Small,27.50,247
181,465,Big,7.61,41
234,551,Medium,42.89,546
125,913,Small,28.11,930
135,340,Medium,30.35,703
74,724,Medium,45.74,403
221,869,Small,43.42,970
48,54,Small,39.31,192
285,936,Medium,34.09,159
167,115,Medium,3.78,757
153,775,Big,44.07,1
21,212,Big,42.32,843
218,731,Small,39.82,784
39,781,Big,20.06,198
265,823,Small,6.83,464
296,496,Big,40.98,431
30,540,Small,8.41,75
18,485,Medium,27.08,931
37,946,Small,36.42,652
87,619,Big,45.04,858
164,22,Medium,26.25,345
135,137,Small,44.21,896
243,91,Medium,48.99,563
237,437,Big,9.23,895
202,130,Medium,45.91,722
61,726,Medium,34.59,978
228,510,Medium,8.80,62
248,599,Medium,29.07,636
35,577,Medium,27.71,545
162,980,Big,37.98,740
115,329,Big,49.77,576
216,711,Medium,27.17,71
195,734,Big,40.63,270
113,575,Small,25.76,693
201,954,Medium,38.68,830
248,179,Medium,35.91,273
186,682,Small,40.19,773
140,927,Small,47.66,885
115,783,Small,27.42,32
172,786,Medium,19.60,266
86,830,Small,26.34,262
242,407,Big,2.47,214
107,455,Small,34.82,879
264,77,Small,29.63,480
298,651,Small,46.68,820
238,358,Big,16.47,240
264,596,Big,42.17,717
204,849,Small,1.57,884
37,589,Medium,49.08,985
55,414,Big,4.12,416
300,565,Small,33.00,209
107,401,Big,31.49,263
212,121,Small,2.81,686
296,442,Small,15.16,622
34,267,Small,4.37,900
43,685,Medium,12.23,855
33,301,Small,49.54,232
17,889,Big,41.21,575
234,463,Medium,26.16,132
247,196,Big,17.43,498
233,835,Big,13.60,98
86,458,Medium,12.67,211
208,366,Big,25.16,884
115,257,Big,41.88,770
19,902,Big,46.01,647
289,785,Medium,13.74,412
274,485,Small,22.91,227
143,328,Medium,42.44,69
100,466,Big,48.47,42
39,237,Small,29.36,510
4,877,Medium,9.49,254
21,111,Small,22.82,502
18,799,Small,21.27,90
133,55,Medium,12.89,847
154,928,Small,40.97,545
270,517,Big,18.62,477
150,290,Small,4.05,882
115,796,Big,27.47,300
41,781,Medium,4.59,458
247,19,Medium,17.03,343
148,395,Medium,29.32,713
124,430,Big,17.20,77
188,369,Medium,4.31,783
192,499,Small,36.27,77
124,742,Big,36.73,883
11,521,Medium,6.43,300
194,729,Big,28.77,595
102,491,Big,46.08,946
257,8,Medium,50.00,700
181,632,Big,6.90,819
16,990,Big,25.58,467
104,612,Medium,29.67,362
178,169,Small,49.77,203
25,453,Medium,32.71,515
39,945,Small,18.35,542
239,63,Big,21.34,607
167,100,Small,32.75,841
281,205,Medium,32.48,811
226,631,Small,17.67,369
141,317,Medium,1.86,941
15,336,Medium,31.83,674
220,528,Small,46.76,484
90,690,Medium,43.06,795
199,489,Small,45.02,675
67,994,Medium,32.32,403
35,431,Medium,36.08,928
2,584,Big,40.94,680
238,423,Big,35.18,136
238,463,Small,6.53,928
67,850,Big,1.73,909
2,934,Medium,2.29,656
101,254,Big,14.99,121
123,510,Big,2.77,972
243,39,Small,37.02,507
183,342,Small,4.99,680
87,33,Big,26.78,340
202,867,Big,15.22,699
239,317,Medium,1.57,383
163,63,Medium,27.73,646
44,29,Medium,28.96,547
180,184,Medium,27.61,228
47,651,Medium,4.85,720
224,809,Small,6.45,924
19,493,Medium,50.92,569
203,500,Big,17.44,354
213,199,Small,18.20,194
8,772,Medium,29.81,268
221,981,Medium,45.97,183
268,7,Medium,27.26,817
152,193,Small,6.29,111
106,703,Medium,46.73,182
111,842,Small,12.27,849
33,934,Medium,6.06,977
84,491,Big,30.27,419
236,474,Small,38.36,506
240,68,Big,25.67,647
261,859,Medium,46.94,786
184,713,Small,24.51,624
35,134,Medium,36.16,649
295,556,Small,17.00,354
102,591,Big,46.92,576
92,122,Big,38.32,797
13,860,Small,50.05,680
206,728,Medium,28.53,505
124,53,Big,40.90,260
207,316,Small,11.98,740
120,608,Medium,3.54,170
123,591,Small,50.91,458
295,276,Medium,14.72,217
139,354,Medium,23.70,82
72,466,Medium,7.75,547
121,592,Small,22.32,916
167,676,Big,31.27,305
21,169,Medium,50.52,547
221,935,Small,42.36,489
203,993,Big,16.29,114
210,309,Medium,10.04,159
128,956,Small,31.29,867
270,359,Small,49.77,762
292,131,Big,3.01,900
181,652,Small,32.38,168
103,804,Small,4.66,872
213,782,Big,37.94,781
224,607,Small,41.97,205
9,809,Small,4.30,312
255,981,Medium,18.12,91
249,304,Medium,28.84,98
63,362,Medium,50.46,16
22,695,Small,43.85,337
69,141,Big,16.90,784
103,866,Big,31.56,955
235,643,Small,43.00,798
272,924,Medium,22.45,574
143,226,Small,23.12,710
1,36,Small,13.79,29
97,31,Big,2.11,470
79,585,Small,28.31,110
174,966,Big,6.14,104
100,8,Small,40.88,497
228,125,Big,19.52,445
230,73,Small,35.23,866
291,718,Medium,25.06,243
165,482,Medium,48.97,585
1,895,Small,39.90,965
131,440,Small,1.96,619
70,820,Small,42.71,741
213,560,Medium,17.83,855
62,488,Big,46.44,946
125,479,Big,45.81,937
75,794,Small,18.79,177
173,63,Small,9.14,571
241,10,Big,48.69,798
295,909,Medium,28.95,491
186,478,Big,36.34,968
245,925,Medium,38.11,608
11,845,Small,18.15,244
19,565,Big,17.71,250
138,615,Medium,2.02,451
233,437,Small,50.11,570
3,176,Big,16.56,14
298,467,Small,22.80,600
117,519,Medium,35.54,980
192,162,Medium,28.57,938
237,696,Medium,25.08,340
51,3,Big,3.64,520
245,193,Small,27.67,484
36,276,Medium,17.73,324
104,912,Small,9.93,641
33,229,Medium,20.63,590
119,649,Big,49.67,326
273,923,Small,1.56,152
215,92,Medium,1.43,411
18,466,Medium,47.33,708
282,272,Big,38.94,483
295,977,Medium,40.36,389
42,625,Medium,19.24,286
200,965,Medium,8.73,121
249,771,Small,17.14,77
153,197,Small,27.61,253
149,528,Medium,45.65,528
120,385,Small,42.84,559
148,625,Small,17.31,984
169,385,Big,42.79,195
257,862,Small,32.93,638
115,242,Medium,39.98,14
107,982,Medium,6.11,816
24,608,Small,40.44,828
181,90,Big,28.10,642
300,269,Big,48.60,979
47,623,Small,35.50,880
131,910,Big,31.45,881
27,783,Medium,10.40,661
56,863,Small,46.75,760
161,977,Medium,46.08,798
267,261,Medium,30.70,738
161,608,Small,12.56,734
176,375,Medium,15.55,833
93,141,Medium,20.55,368
178,651,Big,13.87,535
128,262,Medium,36.87,504
267,42,Small,14.88,57
267,539,Medium,1.74,882
106,353,Big,47.38,382
139,855,Medium,30.87,311
127,793,Medium,1.54,970
278,137,Small,44.26,576
94,380,Big,27.47,727
237,248,Medium,5.76,423
252,967,Small,47.17,337
101,110,Big,12.49,87
222,61,Medium,38.42,528
296,53,Small,12.44,639
6,239,Small,6.62,545
163,495,Small,20.89,816
209,510,Small,15.42,451
42,287,Big,36.44,245
219,706,Medium,7.20,471
286,604,Big,33.94,853
294,433,Small,24.35,966
22,195,Big,32.97,380
70,102,Medium,26.19,958
107,947,Big,4.59,701
229,409,Small,49.70,871
209,350,Big,47.98,158
62,608,Small,46.66,78
73,967,Medium,29.88,378
191,268,Small,11.47,490
112,976,Big,8.95,548
154,560,Medium,31.58,972
227,176,Medium,41.28,590
111,660,Big,14.14,476
295,358,Small,21.89,867
289,638,Small,32.29,153
97,148,Medium,26.04,602
117,237,Big,13.52,964
138,326,Medium,27.43,937
45,804,Big,50.26,825
258,410,Small,42.50,85
123,154,Small,22.57,554
131,54,Medium,49.23,400
129,317,Medium,50.42,936
231,471,Big,49.00,716
187,715,Small,13.27,472
217,841,Small,12.67,432
214,675,Medium,30.08,410
269,114,Big,11.11,561
8,103,Big,9.83,81
102,111,Big,20.39,92
89,193,Medium,30.21,229
8,595,Medium,36.67,264
299,72,Medium,7.95,802
273,604,Medium,43.95,869
15,262,Big,34.69,831
133,586,Small,11.14,939
240,362,Small,45.76,433
91,617,Medium,27.66,542
134,17,Big,38.72,581
179,526,Small,18.80,202
18,420,Big,45.02,784
182,190,Big,1.33,347
172,267,Small,29.83,904
275,561,Big,36.66,184
38,646,Small,34.96,533
181,350,Small,13.93,575
8,60,Big,13.73,61
127,389,Small,28.62,520
86,33,Big,17.20,217
42,862,Medium,28.59,158
201,184,Big,32.23,423
236,144,Medium,47.27,245
88,535,Medium,27.42,309
22,464,Medium,12.88,490
228,230,Medium,12.62,537
57,918,Big,19.47,245
30,947,Small,48.15,399
189,225,Big,15.12,738
134,593,Big,6.13,255
130,650,Big,49.73,414
281,354,Small,27.81,610
109,493,Big,38.61,133
220,927,Big,18.09,660
137,861,Small,22.24,957
227,472,Big,12.85,512
75,871,Small,11.03,311
60,118,Medium,4.06,577
184,198,Big,18.49,324
264,306,Big,3.53,941
217,821,Big,45.38,581
62,810,Small,4.03,997
245,775,Big,42.51,138
58,596,Small,49.06,369
273,764,Medium,2.22,119
84,860,Medium,11.81,826
279,125,Small,9.69,59
165,467,Small,4.30,652
214,1,Big,40.36,468
75,901,Big,27.51,4
167,897,Medium,8.44,978
43,538,Medium,28.81,271
258,407,Big,34.64,416
74,337,Medium,19.39,177
249,564,Medium,36.26,100
141,512,Medium,18.42,466
129,576,Big,44.86,245
63,695,Medium,24.94,778
137,69,Small,42.91,450
53,920,Medium,21.36,978
7,47,Small,39.58,626
145,249,Medium,2.73,616
290,756,Medium,33.81,78
162,269,Small,3.43,465
42,297,Medium,12.19,899
102,213,Medium,3.49,775
214,907,Small,46.31,794
142,303,Big,41.62,58
294,433,Medium,24.17,324
207,615,Medium,13.10,924
290,946,Medium,9.80,556
23,487,Big,41.37,916
141,877,Small,22.52,928
17,170,Medium,30.93,950
45,677,Small,38.35,726
126,84,Big,40.41,103
280,918,Small,3.85,960
268,74,Small,33.80,135
289,921,Medium,30.90,319
252,414,Medium,31.31,574
153,677,Big,37.80,597
206,678,Small,39.78,996
56,593,Medium,20.20,976
131,970,Small,5.56,580
34,895,Medium,16.17,469
271,410,Medium,26.34,290
121,546,Big,15.77,882
150,53,Small,44.37,327
135,975,Small,12.31,767
202,164,Big,24.02,624
67,482,Big,30.53,18
163,548,Medium,5.26,309
114,864,Big,17.49,201
111,597,Small,50.45,554
300,865,Medium,13.33,202
92,215,Small,28.90,324
201,702,Big,16.69,826
176,434,Big,19.25,90
123,25,Medium,31.51,70
175,660,Medium,17.66,830
18,630,Medium,27.07,805
256,924,Medium,5.19,999
258,600,Big,8.77,810
268,721,Big,16.04,954
110,799,Medium,46.13,516
121,51,Big,19.65,392
290,39,Medium,23.56,719
57,588,Big,3.02,160
70,414,Big,45.10,2
164,979,Small,50.65,645
40,140,Small,12.27,835
139,381,Big,38.33,322
37,585,Big,45.64,682
277,451,Small,47.38,840
160,504,Big,49.88,781
242,286,Small,37.62,695
293,888,Medium,34.03,384
180,574,Big,32.27,544
210,340,Medium,47.70,647
245,596,Small,36.62,75
13,776,Big,47.91,233
84,484,Big,3.00,937
55,280,Big,14.36,218
120,142,Big,40.54,255
106,410,Small,14.97,667
52,879,Big,42.46,4
235,718,Small,21.35,84
286,716,Small,42.87,735
97,64,Big,31.76,846
267,299,Medium,37.55,761
37,742,Medium,49.12,232
205,8,Small,37.57,541
34,971,Big,43.38,51
193,346,Small,16.44,243
147,883,Small,12.88,496
63,496,Big,39.17,898
119,381,Big,21.74,210
99,739,Small,49.58,295
50,772,Medium,30.19,875
299,496,Big,18.50,485
114,635,Big,40.77,596
185,198,Small,22.03,59
191,274,Small,43.57,70
50,280,Medium,5.54,933
13,262,Medium,11.85,828
290,698,Small,23.17,385
162,829,Small,2.59,772
29,764,Small,6.76,273
245,476,Big,21.83,778
202,551,Medium,15.38,325
116,542,Small,39.06,163
240,771,Small,31.82,66
17,933,Medium,8.87,670
104,84,Medium,34.99,284
177,34,Big,38.26,807
176,295,Small,22.95,17
11,303,Big,18.48,628
293,465,Small,47.15,367
174,157,Small,16.60,617